ZipCode/Item,,,,2022-3347 Sport Fishing License (Free - Nonres Developmentally Impaired),2022-3348 Sport Fishing License (Free - Nonres Visually Impaired),,2022-3340 Sport Fishing License (Free - Res Developmentally Impaired),2022-3341 Sport Fishing License (Free - Res Mobility Impaired),2022-3343 Sport Fishing License (Free - Res Native American w/Low Income),2022-3342 Sport Fishing License (Free - Res Visually Impaired),,2022-1020 Sport Fishing License (Nonres),2022-3310 Sport Fishing License (Reduced - Disabled Veteran),,2022-3312 Sport Fishing License (Reduced - Recovering Service Member),,2022-3311 Sport Fishing License (Reduced - Res Senior w/Low Income),,2022-1010 Sport Fishing License (Res),,2022-1011 Sport Fishing License (Res)  - Voucher Redemption,2022-1017 Sport Fishing License - Lifetime,2022-1043 Sport Fishing 1-Day License (Quick-Sale),2022-1040 Sport Fishing 1-Day License (Res/Nonres),2022-1041 Sport Fishing 1-Day License (Res/Nonres) (TAN),2022-0230 Sport Fishing 10-Day License (Nonres),2022-0250 Sport Fishing 2-Day License (Res/Nonres),2022-1510 SHARE Fishing Multi Choice Application,2022-1000 North Coast Salmon Report Card,2022-1007 North Coast Salmon Report Card - Lifetime,2022-0271 Spiny Lobster Report Card (Full Season),2022-1030 Steelhead Report And Restoration Card,2022-1037 Steelhead Report and Restoration Card - Lifetime,2022-0260 Sturgeon Fishing Report Card,2022-1080 Recreational Crab Trap Validation,2022-1081 Recreational Crab Trap Validation (TAN),2022-0220 Second-Rod Sport Fishing Validation,2022-0227 Second-Rod Sport Fishing Validation - Lifetime,2022-1070 Sport Ocean Enhancement Validation,2022-1077 Sport Ocean Enhancement Validation - Lifetime,2022-1019 Gift Voucher for Resident Sport Fishing License - Not Valid until Redeemed,2022-9010 Multi-day Trip Declaration,2022-9012 Multi-day Trip Declaration - CPFV,2022-0275 Spiny Lobster Non-Reporting Fee,Grand Total
75261,,,,7,2,,647,1107,0,102,,5403,7844,,3,,0,,208897,,3155,9731,,90085,1517,6779,18041,871,2946,1651,3050,6892,1613,3927,15738,79,51859,3683,52053,3597,9703,,,315,511297
86403,,,,,,,,,,,,25,15,,,,,,275,,3,1,,546,,24,192,,,,,,,,1,,128,1,112,1,,,,,1324
89410,,,,,,,,,,,,52,7,,,,,,150,,,7,,193,,6,58,,,,,1,,2,1,,66,,16,,,,,,559
89423,,,,,,,,2,,,,346,13,,,,,,120,,1,54,,367,,47,153,,4,,,6,,3,9,,161,7,22,7,3,,,,1325
89431,,,,,,,,,,,,28,3,,,,,,8,,,2,,81,,14,45,,,,,3,,,,,15,2,,,,,,,201
89434,,,,,,,,,,,,383,9,,,,,,38,,,16,,532,,54,232,,12,,1,14,,16,9,,162,1,17,1,,,,,1497
89439,,,,,,,,,,,,532,14,,,,,,181,,1,16,,557,,75,295,,17,,1,39,,14,14,,227,4,32,3,,,,,2022
89448,,,,,,,,,,,,,,,,,,,2,,,,74,1,,,,,,,,,,,,,,,,,,,,,77
89502,,,,,,,,,,,,927,42,,,,,,97,,,24,,895,,119,438,,25,,1,66,,31,25,,437,,27,,,,,,3154
89523,,,,,,,,,,,,65,3,,,,,,13,,1,2,,152,,10,86,,,,,1,,,,,25,2,7,,,,,,367
89701,,,,,,,,,,,,608,29,,,,,,96,,,33,,774,,125,492,,10,4,,14,4,11,7,,301,6,17,5,1,,,,2537
89706,,,,,,,,,,,,18,1,,,,,,7,,,1,,33,,8,13,,,,,,,,,,12,,4,,,,,,97
90004,,,,,,,,,,,,1,,,,,,,328,,,1,,72,,,8,,1,,39,1,,,6,,80,,314,,,,,10,861
90006,,,,,,,,,,,,,,,,,,,106,,,,,31,,,,,,,,,,,47,,13,,106,,,,,,303
90010,,,,,,,2,8,,0,,,2,,,,,,625,,1,4,,331,,1,39,,,,73,1,,,8,,242,1,589,1,,,,7,1935
90016,,,,,,,1,18,,,,1,13,,,,,,717,,1,3,,233,,3,26,,1,,40,1,,,8,,323,2,655,2,,,,9,2057
90042,,,,,,,2,5,,1,,,3,,,,,,401,,5,2,,174,,,29,,,,39,1,,,4,,165,2,317,2,12,,,7,1171
90048,,,,,,,2,9,,1,,3,0,,,,,,285,,,,,125,,2,16,,,,28,2,,,5,,118,,221,,,,,4,821
90201,,,,,,,,1,,,,,3,,,,,,463,,4,6,,204,,,26,,,,20,,,,6,,208,3,407,3,2,,,4,1360
90230,,,,,,,,2,,,,7,10,,,,,,741,,4,8,,299,,3,68,,3,1,141,14,1,1,4,,209,3,646,3,1,,,31,2200
90241,,,,,,,,3,,,,1,3,,,,,,554,,8,2,,269,,3,39,,,,41,1,,,3,,206,1,433,1,8,,,5,1581
90242,,,,,,,2,,,,,,1,,,,,,78,,,,,29,,,3,,,,1,,,,1,,22,,42,,,,,,179
90245,,,,,,,,,,,,6,7,,,,,,891,,8,9,,228,,6,48,,6,1,154,11,1,,2,,268,4,681,4,9,,,34,2378
90249,,,,,,,,11,,1,,3,9,,,,,,802,,4,5,,322,,,26,,,,76,,,,9,,227,2,718,2,,,,11,2228
90250,,,,,,,,2,,1,,4,7,,,,,,551,,1,,,128,,1,23,,,,62,,,,0,,137,,537,,,,,13,1467
90255,,,,,,,,2,,,,4,3,,,,,,852,,1,1,,293,,,31,,,,48,,,,9,,368,,762,,2,,,9,2385
90262,,,,,,,,2,,,,,1,,,,,,304,,1,,,137,,,3,,,,31,,,,,,120,,309,,,,,5,913
90265,,,,,,,,,,,,1,,,,,,,83,,0,,,17,,2,5,,,,49,,,,1,,13,,62,,,,,18,251
90277,,,,,,,,1,,,,10,6,,,,,,776,,8,8,2214,212,,9,48,,1,,683,1,,1,7,,83,3,906,5,,,,146,5128
90280,,,,,,,,1,,,,1,,,,,,,150,,,,,69,,,12,,,,,,,,2,,60,,113,,1,,,,409
90292,,,,,,,,1,,,,18,5,,,,,,827,,4,2,10222,173,,10,25,,,,270,1,,,13,,126,,875,,,,,59,12631
90303,,,,,,,1,16,,1,,2,6,,,,,,411,,,,,196,,2,28,,,,43,,,,10,,178,,359,,,,,12,1265
90403,,,,,,,,1,,,,1,4,,,,,,553,,5,6,,180,,4,58,,9,,132,16,,,8,,136,2,443,2,7,,,33,1600
90502,,,,,,,2,5,,,,3,7,,,,,,277,,,,,113,,1,24,,,,8,1,,1,6,,86,,232,,,,,2,768
90503,,,,,,,,,,,,4,4,,,,,,733,,6,5,,165,,8,67,,1,,51,4,,,13,,224,1,489,1,4,,,10,1790
90504,,,,,,,2,7,,,,14,13,,,,,,1680,,12,19,,312,,5,110,,,1,283,5,1,,6,,496,12,1241,11,5,,,47,4282
90505,,,,,,,2,4,,,,3,5,,,,,,1114,,6,25,,236,,5,74,,,4,241,6,4,,5,,286,9,871,9,5,,,64,2978
90605,,,,,,,,3,,,,,6,,,,,,590,,11,2,,239,,1,65,,1,,27,1,,,1,,224,1,385,1,8,,,4,1570
90620,,,,,,,2,8,,1,,3,24,,,,,,1350,,14,11,,394,,3,69,,1,,100,1,,1,6,,468,9,1075,9,8,,,21,3578
90631,,,,,,,2,5,,,,2,11,,,,,,1287,,23,15,,410,,4,104,,,,53,,,,12,,467,4,864,4,33,,,9,3309
90638,,,,,,,1,2,,,,,13,,,,,,593,,9,,,193,,1,38,,2,,51,2,,,7,,224,,445,,10,,,7,1598
90650,,,,,,,,5,,,,1,5,,,,,,616,,4,7,,165,,1,26,,,,56,,,1,3,,236,4,463,3,1,,,9,1606
90660,,,,,,,1,4,,,,1,5,,,,,,805,,5,3,,295,,1,48,,2,,23,,,,13,,337,3,541,3,3,,,6,2099
90670,,,,,,,2,4,,,,4,19,,,,,,1708,,4,10,,410,,5,53,,1,,139,1,,,2,,695,3,1481,3,1,,,41,4586
90701,,,,,,,2,3,,,,2,8,,,,,,875,,10,8,,219,,2,36,,1,1,23,1,1,,3,,292,4,680,4,9,,,5,2189
90703,,,,,,,1,2,,,,2,5,,,,,,734,,5,3,,359,,,33,,2,,31,,,,6,,238,1,512,1,13,,,5,1953
90704,,,,,,,,,,,,10,2,,,,,,456,,7,5,,899,,12,87,,,,289,,,,0,,14,0,522,1,10,,,64,2378
90706,,,,,,,,,,,,3,10,,,,,,642,,3,7,,142,,1,22,4,,,84,,,,1,,147,4,584,4,,,,10,1668
90712,,,,,,,2,12,,2,,,8,,,,,,1261,,3,6,,426,,3,63,,1,,116,3,,,26,,432,5,998,5,5,,,22,3399
90717,,,,,,,,,,,,2,2,,,,,,418,,3,5,,117,,,7,,2,,79,3,,,0,,70,3,421,3,,,,10,1145
90720,,,,,,,,1,,,,3,14,,,,,,681,,5,8,,103,,7,17,,1,,114,4,,,2,,200,1,649,1,1,,,20,1832
90723,,,,,,,,1,,1,,,,,,,,,90,,,,,48,,1,6,,,,,,,,,,26,,73,,,,,,246
90731,,,,,,,3,4,0,,,21,20,,,,,,3254,,13,19,9242,683,,35,231,,1,,946,3,,1,9,,475,7,3384,8,7,,,170,18536
90740,,,,,,,3,17,8,,,,2,,,,131,,2,,,135,,,,,,,,,,,,1,1,,71,53,77,55,,224,193,,973
90746,,,,,,,3,15,,,,,10,,,,,,787,,1,3,,279,,2,32,,,,72,,,,1,,237,1,691,1,2,,,21,2158
90755,,,,,,,,9,,1,,7,20,,,,,,1626,,7,18,,259,,6,49,,4,,185,3,,3,2,,613,5,1409,5,6,,,48,4285
90802,,,,,,,,3,,,,6,10,,,,,,757,,4,0,6383,48,,,55,,,,75,,,,4,,93,,947,,4,,,14,8403
90803,,,,,,,,,,,,1,,,,,,,103,,,,,82,,3,7,,,,55,,,,,,5,,103,,,,,10,369
90804,,,,,,,1,5,,1,,11,21,,,,,,1525,,14,19,,450,,7,87,,3,,295,9,,,5,,394,10,1400,10,4,,,76,4347
90805,,,,,,,,,,,,,1,,,,,,120,,2,,,31,,,9,,,,,,,,,,69,,72,,1,,,,305
90808,,,,,,,,3,,,,1,7,,,,,,483,,5,1,,143,,4,36,,,,12,,,,4,,166,1,364,1,2,,,2,1235
91010,,,,,,,2,8,,1,,1,4,,,,,,587,,12,1,,277,,6,27,,,,18,,,,6,,251,,328,,3,,,2,1534
91042,,,,,,,1,1,,1,,4,10,,,,,,1085,,17,8,,281,,,105,,3,1,24,8,1,2,1,,473,4,644,4,15,,,1,2694
91103,,,,,,,2,10,,1,,1,9,,,,,,839,,5,14,,201,,2,48,,1,,21,6,,,1,,292,7,613,7,2,,,1,2083
91105,,,,,,,,3,,,,2,4,,,,,,480,,7,4,,98,,,15,,2,,37,4,,1,3,,184,3,297,3,2,,,10,1159
91107,,,,,,,2,3,,,,4,7,,,,,,1028,,11,13,,447,,4,105,,3,1,79,9,,,9,,353,5,678,5,24,,,7,2797
91203,,,,,,,1,13,,,,3,1,,,,,,1033,,8,6,,374,,1,87,,2,,44,3,,,11,,497,1,624,1,,,,7,2717
91210,,,,,,,1,,,,,,1,,,,,,111,,,,,38,,1,11,,,,4,1,,1,2,,31,,55,,,,,,257
91303,,,,,,,,2,,,,3,3,,,,,,979,,7,1,,235,,7,73,,2,,74,9,,1,7,,333,,713,,9,,,22,2480
91307,,,,,,,,,,,,,,,,,,,14,,,,,1,,,,,,,,,,,,,6,,13,,,,,,34
91316,,,,,,,,1,,,,,1,,,,,,49,,,,,20,,,4,,,,10,,,,1,,18,,31,,1,,,,136
91324,,,,,,,,5,,,,2,2,,,,,,756,,4,5,,268,,4,53,,3,,38,3,,1,7,,304,3,561,4,1,,,5,2029
91326,,,,,,,,,,,,2,1,,,,,,359,,2,,,92,,1,21,,,,8,,,,5,,148,,220,,,,,1,860
91335,,,,,,,2,9,,1,,6,11,,,,,,1434,,7,6,,322,,,72,,,,113,6,,2,7,,518,,1032,,4,,,25,3577
91344,,,,,,,4,5,,,,4,12,,,,,,1605,,16,12,,468,,1,120,,,2,59,1,2,1,6,,740,5,1114,5,14,,,16,4212
91350,,,,,,,,7,,1,,8,17,,,,,,2006,,45,6,,413,,7,110,,1,,80,7,,,19,,742,,1262,,44,,,23,4798
91351,,,,,,,,5,,,,3,10,,,,,,767,,14,4,,182,,1,51,,1,,28,,,,12,,304,1,449,1,18,,,11,1862
91355,,,,,,,3,4,,1,,8,12,,,,,,1540,,29,7,,471,,4,122,,,,45,3,,7,15,,511,2,784,2,44,,,11,3625
91360,,,,,,,2,2,,,,8,7,,,,,,1956,,32,24,,327,,8,143,,2,1,219,12,1,,22,,520,10,1441,10,34,,,60,4841
91381,,,,,,,2,3,,,,7,6,,,,,,714,,9,2,,234,,4,58,,,,9,2,,2,1,,324,,421,,9,,,3,1810
91384,,,,,,,,0,0,,,3,3,,,,,,1514,,6,,,2026,,3,44,,,,,,,,4,,804,,837,,1,,,,5245
91402,,,,,,,1,2,,,,1,,,,,,,261,,2,,,75,,,10,,,,4,,,1,6,,125,,214,,,,,2,704
91405,,,,,,,4,25,,1,,1,4,,,,,,1516,,1,4,,592,,,114,,,,38,,,1,27,,776,3,1169,3,,,,8,4287
91411,,,,,,,1,5,,,,5,13,,,,,,2062,,9,6,,627,,6,63,,5,1,129,3,1,8,2,,1080,2,1731,2,6,,,25,5792
91502,,,,,,,3,6,,1,,9,6,,,,0,,1994,,8,11,,586,,11,191,,6,,51,9,,1,17,,885,2,1235,2,15,,,7,5056
91604,,,,,,,,7,,,,2,1,,,,,,389,,5,1,,135,,2,29,,,,29,2,,1,3,,166,1,275,1,4,,,4,1057
91706,,,,,,,,2,,,,2,1,,,,,,398,,,1,,198,,,12,,,,11,,,,9,,148,,225,,,,,1,1008
91709,,,,,,,1,3,,,,3,12,,,,,,958,,6,7,,206,,4,40,,1,,86,3,,,4,,374,4,634,4,1,,,8,2359
91710,,,,,,,4,10,,,,6,23,,,,,,2468,,36,12,,1114,,3,169,,1,,132,1,,,15,,1069,2,1353,2,56,,,26,6502
91722,,,,,,,2,10,,,,2,5,,,,,,996,,15,4,,468,,3,59,,,,48,,,,11,,435,1,584,1,16,,,9,2669
91730,,,,,,,,5,,,,1,10,,,,,,688,,9,3,,351,,2,71,,,1,43,2,1,,3,,280,3,386,3,23,,,3,1888
91731,,,,,,,1,4,,,,3,4,,,,,,733,,,4,,328,,,40,,,,66,,,,7,,329,3,555,3,3,,,6,2089
91739,,,,,,,14,31,,1,,25,137,,,,,,10271,,130,37,,1688,,39,433,,22,,209,23,,6,29,,4692,11,5397,11,141,,,27,23374
91740,,,,,,,,3,,,,5,11,,,,,,633,,4,,,285,,4,25,,,,14,,,,8,,261,,358,,5,,,3,1619
91744,,,,,,,1,5,,,,,7,,,,,,488,,6,3,,246,,,33,,,,32,1,,,7,,225,1,339,1,4,,,7,1406
91745,,,,,,,,2,,1,,2,2,,,,,,745,,,3,,152,,,22,,,,91,,,,8,,183,2,484,2,,,,8,1707
91748,,,,,,,4,,,1,,7,7,,,,,,817,,6,10,,460,,6,36,,1,,142,4,,1,11,,280,6,651,6,3,,,17,2476
91754,,,,,,,1,6,,,,2,4,,,,,,731,,5,7,,321,,,42,,,,30,,,,9,,292,5,554,5,2,,,5,2021
91755,,,,,,,1,,,,,,1,,,,,,605,,,,,155,,,2,,,,142,,,,22,,250,,603,,,,,11,1792
91762,,,,,,,,3,,,,3,3,,,,,,495,,1,5,,255,,,26,,,,7,,,,14,,252,2,254,2,7,,,,1329
91764,,,,,,,,,,,,2,9,,,,,,522,,6,2,,96,,,12,,,,18,,,1,1,,153,1,275,1,2,,,8,1109
91766,,,,,,,1,2,,,,1,1,,,,,,246,,1,1,,108,,,17,,,,1,,,,1,,101,,109,,,,,,590
91767,,,,,,,1,12,,,,2,6,,,,,,665,,16,3,,209,,,37,,,,28,,,,2,,268,0,418,0,22,,,7,1696
91770,,,,,,,1,2,,1,,7,4,,,,,,1339,,2,10,,435,,2,52,,,,156,,,,4,,493,6,1093,6,1,,,15,3629
91773,,,,,,,,4,,,,2,12,,,,,,1339,,45,8,,498,,5,125,,,1,65,3,1,,5,,550,4,757,4,48,,,12,3488
91776,,,,,,,,,,1,,,3,,,,,,158,,1,1,,43,,,28,,,,12,,,,2,,64,,93,,2,,,1,409
91786,,,,,,,2,8,0,,,4,23,,,,,,1128,,26,8,,385,,7,91,,,1,46,2,1,,5,,464,5,587,5,22,,,10,2830
91791,,,,,,,,7,,,,3,17,,,,,,1136,,11,9,,280,,5,31,,,1,87,2,,,8,,479,4,728,4,7,,,12,2831
91801,,,,,,,,2,,2,,7,7,,,,,,1073,,8,8,,498,,,48,,2,,142,2,,2,16,,379,3,884,3,,,,20,3106
91803,,,,,,,,,,,,2,4,,,,,,2009,,1,4,,61,,,,,,,53,,,1,13,,932,3,1697,3,,,,3,4786
91910,,,,,,,,11,,,,9,146,,,,,,1934,,30,10,,382,,16,51,,2,,242,3,,2,13,,529,5,1743,5,38,,,53,5224
91911,,,,,,,1,2,,,,2,6,,,,,,215,,1,,,34,,1,13,,,,16,,,,8,,60,,158,,2,,,7,526
91915,,,,,,,,,,,,2,51,,,,,,436,,3,3,218,157,,3,19,,,,41,,,,6,,117,1,332,1,,,,10,1400
91942,,,,,,,4,8,,,,5,27,,,,,,1159,,18,12,109,187,,2,23,,,,87,,,1,4,,435,5,954,5,36,,,24,3105
91945,,,,,,,,2,,,,2,19,,,,,,411,,6,2,,150,,3,10,4,2,,65,,,,3,,155,,366,,7,,,14,1221
91950,,,,,,,,3,,,,2,16,,,,,,332,,,,,153,,8,39,,,,55,,,,8,,51,,241,,,,,6,914
91977,,,,,,,1,2,,,,5,24,,,,,,690,,20,6,,117,,3,12,,2,,126,,,,6,,224,4,606,4,11,,,31,1894
92009,,,,,,,,,,1,,2,2,,,,,,422,,5,1,,76,,7,16,,4,,120,5,,1,3,,66,,359,,,,,14,1104
92020,,,,,,,4,8,,,,11,66,,,,,,2443,,62,22,,467,,5,69,,2,1,317,6,1,,16,,872,9,1942,10,67,,,58,6458
92021,,,,,,,10,10,,1,,10,40,,,,,,1928,,44,8,,343,,9,82,,2,,98,,,,8,,765,4,1423,5,53,,,24,4867
92024,,,,,,,,1,,,,9,12,,,,,,759,,10,7,,133,,12,57,,,1,90,1,,,2,,101,2,709,2,5,,,20,1933
92027,,,,,,,1,4,,,,5,10,,,,,,746,,6,2,,254,,4,28,,,,70,,,2,5,,276,2,529,2,6,,,8,1960
92028,,,,,,,,,,,,,,,,,,,24,,,,,2,,1,,,,,6,,,,1,,5,,19,,,,,2,60
92036,,,,,,,1,,0,,,2,12,,,,,,764,,8,2,2334,73,,4,285,,,,1,,,1,1,,300,1,379,1,1,,,,4170
92037,,,,,,,1,,,,,1,,,,,,,136,,1,,,18,,1,1,,,,127,1,,,,,,,141,,,,,23,451
92040,,,,,,,2,1,,,,7,36,,,,,,1790,,47,13,110,603,,11,55,19,3,,109,1,,,1,,657,5,1420,5,38,,,11,4944
92054,,,,,,,,5,,1,,31,85,,,,,,5250,,48,27,6361,1210,,129,256,,2,1,862,8,1,3,23,,781,10,5269,11,37,,,193,20604
92055,,,,,,,1,1,,,,3,102,,,,,,874,,2,1,,257,,16,59,,1,,66,3,,,2,,162,,724,,,,,11,2285
92056,,,,,,,,,,,,7,19,,,,,,409,,2,,,84,,2,16,,,,47,,,,2,,89,,348,,1,,,10,1036
92057,,,,,,,1,6,,,,4,45,,,,,,860,,4,2,,276,,6,55,,,,107,1,,,6,,202,,695,,3,,,20,2293
92064,,,,,,,4,6,,1,,7,39,,1,,,,1405,,17,20,,248,,11,39,,5,,158,4,,,17,,391,7,1099,7,17,,,29,3532
92065,,,,,,,,2,,1,,4,14,,,,,,873,,5,7,,147,,5,33,,,,61,,,,2,,345,5,595,5,2,,,5,2111
92069,,,,,,,6,6,,,,14,58,,,,,,2920,,31,21,,418,,11,72,,6,3,270,7,3,,14,,949,9,2377,9,35,,,67,7306
92070,,,,,,,,,,,,,1,,,,,,68,,,1,,110,,,11,,,,,,,,,,25,1,20,1,,,,,238
92071,,,,,,,2,4,,2,,,55,,,,,,1467,,35,6,,233,,8,52,,,,160,1,,,3,,512,2,1232,2,44,,,29,3849
92075,,,,,,,1,2,,,,5,3,,,,,,761,,5,8,,162,,11,45,,1,,283,9,,,2,,97,4,719,5,1,,,58,2182
92083,,,,,,,,1,,1,,11,31,,,,,,1550,,25,2,,353,,9,44,,4,,215,6,,1,6,,422,,1405,,24,,,36,4146
92106,,,,,,,4,5,,,,178,69,,1,,,,4456,,30,40,20005,1930,,265,3300,20,3,,1650,5,,3,8,,315,12,5761,19,13,,,257,38349
92109,,,,,,,0,2,,1,,89,58,,,,,,4685,,31,26,14094,535,,196,986,,2,1,1245,3,1,1,3,,349,6,5380,7,14,,,268,27983
92110,,,,,,,5,9,,1,,47,91,,,,,,3413,,27,23,418,579,,79,188,,6,,1097,17,,4,24,,451,7,3335,7,19,,,198,10045
92111,,,,,,,1,5,,,,31,93,,,,0,,3393,,42,23,,557,,45,123,,8,,690,9,,,4,,750,9,3051,9,47,,,128,9018
92115,,,,,,,2,27,,2,,6,61,,,,,,1890,,22,9,,387,,2,60,,,1,205,1,1,,14,,673,4,1586,4,19,,,52,5028
92118,,,,,,,,,,,,,1,,,,,,100,,,,220,48,,4,4,,,,27,,,,,,4,,93,,,,,,501
92123,,,,,,,5,34,15,3,,3,102,,,,75,,894,,8,166,,206,,3,35,,2,2,172,,2,1,4,,324,90,885,81,17,624,1036,16,4805
92126,,,,,,,2,,,,,4,34,,,,,,887,,12,10,,224,,3,30,,2,,167,4,,,5,,231,,805,,8,,,33,2461
92128,,,,,,,1,2,,,,2,8,,,,,,483,,5,7,,88,,3,22,,1,,93,3,,,2,,103,2,372,2,1,,,15,1215
92154,,,,,,,3,7,,,,9,85,,,,,,1074,,9,2,,310,,17,48,,,,314,1,,,12,,241,2,1033,2,5,,,71,3245
92173,,,,,,,,,,,,,1,,,,,,35,,,,,10,,,,,,,7,,,,,,15,,27,,,,,4,99
92201,,,,,,,0,0,,,,,7,,,,,,664,,1,1,,106,,2,25,,2,,3,1,,,8,,335,,223,,2,,,,1380
92203,,,,,,,1,1,,1,,1,3,,,,,,490,,1,1,,204,,5,25,,,,2,,,,3,,246,1,123,1,1,,,,1110
92211,,,,,,,,0,0,,,,5,,,,,,370,,,3,,6,,,2,,,1,7,,1,,2,,44,1,48,1,2,,,,493
92220,,,,,,,2,5,,0,,,23,,,,,,959,,38,1,,290,,2,41,,,,14,,,,3,,453,1,398,1,50,,,2,2283
92223,,,,,,,,4,,,,2,10,,,,,,208,,7,,,121,,,27,,,,,,,,4,,71,,65,,,,,,519
92225,,,,,,,4,12,,1,,33,12,,,,,,883,,5,6,,108,,15,40,,,,2,,,,0,,310,2,133,2,3,,,,1571
92227,,,,,,,2,12,,1,,4,7,,,,,,735,,21,2,,145,,2,13,,,,,,,,5,,292,1,138,1,18,,,,1399
92231,,,,,,,1,2,,,,1,5,,,,,,251,,,,,71,,1,10,,,,,,,,1,,88,,30,,,,,,461
92234,,,,,,,3,3,,2,,3,5,,,,,,384,,4,1,,186,,,30,,,,6,,,,3,,178,,138,,,,,,946
92236,,,,,,,,1,,,,1,3,,,,,,360,,5,,,145,,,25,,,,6,,,,3,,204,,79,,4,,,,836
92243,,,,,,,5,7,,,,20,24,,,,,,1348,,27,4,,278,,8,41,,,,3,,,,2,,521,,369,,40,,,1,2698
92250,,,,,,,1,1,,,,1,1,,,,,,141,,0,5,,17,,2,,,,,,,,,1,,58,,30,,1,,,,259
92253,,,,,,,1,2,,1,,6,17,,,,,,901,,9,1,,374,,9,49,,,,13,3,,,1,,418,1,309,1,25,,,,2141
92254,,,,,,,,,,,,,,,,,,,50,,,,,20,,,2,,,,,,,,,,24,,7,,,,,,103
92260,,,,,,,2,4,,,,4,10,,,,,,625,,10,1,,232,,1,60,,,,10,2,,,2,,271,1,211,1,8,,,,1455
92262,,,,,,,,1,,,,3,1,,,,,,121,,,,,51,,,6,,,,1,,,,,,70,,32,,,,,,286
92264,,,,,,,,,,,,2,1,,,,,,188,,1,1,,47,,1,15,,,,5,2,,,,,78,1,69,1,1,,,3,416
92284,,,,,,,2,5,,1,,1,29,,,,,,660,,11,3,,221,,2,60,,,,11,,,2,7,,308,,244,,9,,,1,1577
92305,,,,,,,,,,,,,,,,,,,9,,,,,3,,,1,,,,,,,,,,1,,1,,,,,,15
92307,,,,,,,2,13,,2,,2,31,,,,,,686,,5,1,,218,,,63,,,,3,,,1,4,,318,,227,,2,,,,1578
92308,,,,,,,4,12,,1,,7,24,,,,,,1041,,24,,,313,,10,73,,,,17,,,,4,,469,,388,,44,,,3,2434
92311,,,,,,,,5,,,,5,7,,,,,,210,,3,2,,88,,6,33,,,,5,,,,1,,115,1,82,1,2,,,,566
92314,,,,,,,,,,,,,,,,,,,27,,,,,47,,,8,,,,,,,,,,10,,3,,,,,,95
92315,,,,,,,5,9,,3,,17,36,,,,,,3290,,17,12,,5747,,117,1407,,,1,12,1,,,10,,1378,5,1091,4,9,,,4,13175
92324,,,,,,,,,,,,,,,,,,,24,,,,,87,,,,,,,,,,,,,3,,8,,,,,,122
92325,,,,,,,1,3,,,,7,6,,,,,,675,,5,1,,905,,8,83,,,,4,,,,4,,284,,193,,3,,,,2182
92333,,,,,,,,,,,,,,,,,,,68,,,,,152,,,33,,,,,,,,,,28,,8,,,,,,289
92335,,,,,,,1,6,,,,1,7,,,,,,541,,8,1,,281,,,40,,,,14,,,,4,,301,1,316,1,5,,,1,1529
92336,,,,,,,1,15,,,,3,18,,,,,,980,,12,2,,504,,,69,,,,17,,,,9,,469,1,499,1,17,,,1,2618
92345,,,,,,,5,14,,2,,5,18,,,,,,1639,,16,,2284,434,,3,77,,1,,13,1,,,7,,829,,630,,21,,,2,6001
92346,,,,,,,,3,,,,1,6,,,,,,301,,3,1,,250,,1,44,,,,6,,,,8,,130,1,112,1,,,,3,871
92352,,,,,,,1,,,,,3,5,,,,,,652,,,4,,339,,9,115,,1,,,,,,4,,259,1,183,1,,,,,1577
92359,,,,,,,,,,,,1,3,,,,,,208,,1,1,,106,,,12,,,,1,,,,2,,83,,77,,2,,,,497
92363,,,,,,,,,,,,5,2,,,,,,151,,3,1,,20,,7,21,,,,,,,,,,66,,36,,,,,,312
92371,,,,,,,,,,,,,,,,,,,74,,,,,14,,,,,,,1,,,,3,,26,,24,,,,,,142
92373,,,,,,,3,6,,,,,20,,,,,,874,,38,5,,304,,7,176,,,,20,4,,,7,,351,2,421,2,42,,,1,2283
92374,,,,,,,3,7,,1,,,12,,,,,,624,,9,5,,205,,1,30,,,,7,,,,2,,309,3,265,3,10,,,,1496
92376,,,,,,,3,6,,1,,1,4,,,,,,462,,2,1,,284,,2,25,,,,3,,,,2,,209,,184,,8,,,,1197
92385,,,,,,,,,,,,,,,,,,,5,,,,,26,,,2,,,,,,,,,,,,,,,,,,33
92392,,,,,,,9,23,,1,,16,63,,,,,,2265,,30,10,,664,,10,177,,,,65,4,,1,21,,1067,1,978,1,43,,,11,5460
92395,,,,,,,3,19,,,,4,9,,,,,,500,,6,1,,240,,3,61,,,,9,,,1,11,,261,,159,,10,,,1,1298
92399,,,,,,,1,7,,,,1,15,,,,,,1244,,41,3,,600,,2,72,,1,,14,1,,,6,,508,1,471,1,57,,,4,3050
92401,,,,,,,,2,,,,,1,,,,,,211,,3,1,,123,,,6,,1,,8,3,,,1,,133,1,95,1,7,,,2,599
92404,,,,,,,4,9,,1,,,6,,,,,,674,,23,,,414,,1,32,,,,14,3,,,2,,338,,324,,21,,,1,1867
92407,,,,,,,2,7,,,,4,5,,,,,,598,,10,,,359,,1,23,,,,3,,,,5,,288,,186,,14,,,1,1506
92408,,,,,,,3,10,,1,,3,15,,,,,,1226,,10,5,,223,,1,29,,1,,46,1,,,2,,541,4,580,4,1,,,11,2717
92503,,,,,,,3,10,,,,2,14,,,,,,960,,12,4,,517,,5,85,,1,,18,,1,,16,,454,2,509,2,16,,,5,2636
92506,,,,,,,9,8,0,1,,4,16,,,,,,1093,,22,3,,373,,1,79,,,,35,1,,,1,,474,,546,,40,,,7,2713
92507,,,,,,,1,4,,1,,,6,,,,,,335,,3,1,,143,,1,17,,,,1,,,,3,,150,,153,,4,,,,823
92509,,,,,,,6,4,,,,3,17,,,,,,826,,14,2,,608,,2,82,,,,21,,,,,,375,,377,,17,,,5,2359
92530,,,,,,,,8,,,,15,38,,,,,,1810,,35,6,,610,,8,108,,,,60,1,,,15,,838,1,1029,1,36,,,18,4637
92543,,,,,,,,,,,,,4,,,,,,112,,3,,,28,,,7,,,,7,,,,,,41,,39,,6,,,,247
92545,,,,,,,12,36,,,,17,69,,,,,,2755,,49,9,,2279,,1,99,,3,,56,3,,2,5,,1213,4,1240,4,58,,,14,7928
92549,,,,,,,,,,,,1,2,,,,,,50,,,,,34,,,6,,,,,,,,,,14,,26,,,,,,133
92553,,,,,,,2,20,,,,4,38,,,,,,1108,,23,,,601,,2,78,,,,37,,,1,5,,494,,610,,21,,,3,3047
92555,,,,,,,2,2,,1,,,9,,,,,,321,,6,1,,89,,2,9,,,,,,,,5,,161,,147,,5,,,,760
92561,,,,,,,0,,,,,2,10,,,,,,1115,,9,1,,2418,,2,395,,,,1,,,,,,458,,268,,,,,,4679
92562,,,,,,,4,14,,,,13,138,,,,,,3075,,31,8,,643,,14,148,,2,,138,6,,1,31,,1030,3,1713,3,56,,,20,7091
92563,,,,,,,1,1,,,,2,3,,,,,,42,,,,,13,,,3,,,,3,,,,2,,16,,32,,,,,1,119
92571,,,,,,,1,12,,2,,6,33,,,,,,1288,,14,1,,826,,3,85,,,,38,,,,14,,612,,629,,16,,,8,3588
92583,,,,,,,,6,,,,1,6,,,,,,152,,4,,,19,,,,,,,,,,,,,97,,58,,,,,,343
92587,,,,,,,,2,,,,4,4,,,,,,438,,3,2,,96,,3,9,,,,14,,,,1,,134,,186,,1,,,2,899
92590,,,,,,,1,6,,,,6,70,,,,,,1671,,12,7,,408,,1,82,,2,,141,2,,,18,,662,3,1195,3,10,,,32,4332
92591,,,,,,,,1,,,,,6,,,,,,116,,2,1,,6,,,1,,,,,,,,1,,51,1,71,1,20,,,,278
92592,,,,,,,1,1,,,,6,27,,,,,,601,,7,3,,155,,1,34,,,,53,2,,,3,,217,,394,,14,,,2,1521
92596,,,,,,,,1,,,,2,13,,,,,,761,,1,1,1129,127,,3,70,,,,,,,,4,,291,,340,,,,,,2743
92604,,,,,,,,1,,,,4,4,,,,,,661,,7,10,,341,,5,51,,1,3,169,3,3,,6,,116,3,536,3,,,,13,1940
92606,,,,,,,,,,,,3,2,,,,,,299,,,2,,130,,3,27,,,,14,5,,,7,,85,2,239,2,,,,4,824
92610,,,,,,,,,,,,1,4,,,,,,452,,1,2,,135,,4,53,,1,,29,1,,,4,,130,,274,,4,,,3,1098
92624,,,,,,,,,,,,21,17,,,,,,2147,,22,13,,448,,27,119,,9,1,718,18,1,1,5,,303,4,2034,4,12,,,168,6092
92626,,,,,,,,3,,,,10,6,,,,,,1370,,10,13,,395,,7,104,,7,,256,11,,2,8,,279,8,1196,8,12,,,47,3752
92627,,,,,,,1,,,,,7,,,,,,,693,,2,4,,133,,5,57,,2,,211,6,,,2,,71,1,707,2,1,,,42,1947
92629,,,,,,,0,1,,,,34,22,,,,,,2059,,21,16,14525,93,,23,136,,1,1,413,1,1,1,2,,170,7,2414,7,10,,,70,20028
92630,,,,,,,,4,,,,10,31,,,,,,1963,,11,7,,400,,16,94,,4,2,316,13,2,1,4,,437,5,1444,5,2,,,53,4824
92646,,,,,,,,3,,1,,8,10,,,,,,1037,,5,12,,278,,12,63,,1,1,87,1,1,,4,,298,5,937,5,6,,,15,2790
92647,,,,,,,2,2,,1,,16,16,,,,,,1949,,15,27,,533,,18,116,,1,2,297,4,2,2,12,,526,11,1723,11,16,,,59,5361
92648,,,,,,,4,3,,,,2,9,,,,,,820,,8,15,,225,,2,73,,,2,111,6,2,,6,,192,7,679,7,4,,,29,2206
92649,,,,,,,,,,,,3,7,,,,,,487,,6,8,,89,,11,21,,1,,131,1,,,1,,66,3,516,4,6,,,20,1381
92661,,,,,,,1,1,,,,16,6,,,,,,1288,,15,7,18897,41,,12,122,,,,57,,,,0,,106,2,1950,4,7,,,9,22541
92663,,,,,,,,,,,,24,2,,,,,,895,,4,10,,224,,17,87,,3,,335,13,,,3,,115,3,938,3,,,,61,2737
92672,,,,,,,,,,,,7,4,,,,,,153,,,1,,14,,7,10,,,,191,,,,1,,3,,176,,,,,43,610
92673,,,,,,,,,,,,5,9,,,,,,515,,4,3,,167,,11,46,,,,96,4,,2,4,,60,2,435,2,3,,,22,1390
92677,,,,,,,1,1,,,,7,7,,,,,,716,,4,2,,215,,4,46,,,,63,2,,1,5,,192,1,536,1,3,,,12,1819
92683,,,,,,,1,3,,,,6,2,,,,,,728,,3,4,,187,,4,45,,3,,92,1,,1,3,,245,1,632,1,4,,,12,1978
92688,,,,,,,,1,,,,4,6,,,,,,678,,2,6,,162,,2,67,,1,,78,9,,,2,,166,1,434,1,5,,,12,1637
92704,,,,,,,1,5,,,,2,3,,,,,,565,,1,2,,146,,,22,,,,27,,,,7,,225,,450,,,,,6,1462
92705,,,,,,,,,,,,1,2,,,,,,146,,,1,,210,,1,4,,,,12,,,,1,,22,,81,,,,,3,484
92706,,,,,,,,4,,,,3,3,,,,,,558,,5,1,,155,,,36,,1,,36,3,,1,,,244,,475,,2,,,9,1536
92708,,,,,,,1,2,,,,4,18,,,,,,1502,,14,24,,167,,7,61,,2,1,157,5,1,,1,,373,12,1248,12,5,,,26,3643
92780,,,,,,,0,2,,,,1,4,,,,,,593,,3,7,,186,,1,44,,1,,55,4,,1,7,,160,1,438,1,9,,,14,1532
92801,,,,,,,,1,,,,,4,,,,,,504,,4,1,,197,,3,29,,1,,29,1,,,7,,180,,348,,1,,,2,1312
92802,,,,,,,2,4,,,,3,14,,,,,,618,,6,1,,240,,2,30,,,,79,2,,2,3,,234,,500,,7,,,12,1759
92806,,,,,,,,,,,,4,1,,,,,,85,,,1,,8,,1,2,,,,26,,,,,,18,0,91,0,,,,9,246
92821,,,,,,,2,6,,,,7,25,,,,,,2113,,20,13,,503,,13,123,,2,,129,16,,,10,,742,4,1480,4,26,,,19,5257
92832,,,,,,,,,,,,1,4,,,,,,561,,8,2,,182,,,35,,,1,35,,1,,5,,231,1,377,1,,,,9,1454
92833,,,,,,,,,,,,1,1,,,,,,217,,1,,,14,,1,10,,,,7,18,,,1,,23,,115,,,,,,409
92835,,,,,,,,,,,,,,,,,,,1,,,,,,,,3,,,,,,,,,,,,1,,,,,,5
92841,,,,,,,,2,,,,2,3,,,,,,484,,1,4,,112,,1,16,,,,38,,,,4,,167,2,424,2,,,,5,1267
92843,,,,,,,,,,,,1,,,,,,,11,,,,,73,,,,,,,,,,,1,,2,,4,,,,,,92
92865,,,,,,,4,1,,,,8,14,,,,,,2018,,13,23,,399,,5,135,,2,,108,7,,,6,,667,7,1243,7,10,,,8,4685
92869,,,,,,,4,1,,1,,5,16,,,,,,2074,,15,11,,361,,11,93,,,,195,4,,1,16,,689,6,1876,6,8,,,33,5426
92879,,,,,,,8,7,,1,,3,16,,,,,,2159,,33,9,,694,,9,108,,2,4,160,8,4,,11,,926,6,1372,6,31,,,29,5606
92881,,,,,,,3,5,,,,4,23,,,,,,1640,,8,3,,339,,4,94,,2,,47,5,,3,3,,534,1,764,1,7,,,4,3494
92886,,,,,,,1,,,,,3,3,,,,,,695,,13,11,,185,,1,53,,2,1,52,2,1,,2,,218,5,442,5,16,,,8,1719
93001,,,,,,,1,2,0,1,,25,21,,,,,,2428,,28,16,3426,466,,43,185,,,,372,,,,16,,500,7,2541,8,14,,,79,10179
93003,,,,,,,,1,,3,,13,28,,,,,,2473,,34,13,,362,,19,109,,2,,340,10,,3,21,,623,3,2209,3,19,,,76,6364
93010,,,,,,,1,1,,1,,4,18,,,,,,1051,,26,8,,190,,1,61,,2,,96,7,,,14,,268,4,853,4,12,,,21,2643
93012,,,,,,,,2,,,,3,4,,,,,,378,,7,4,,45,,,11,,,,35,,,,1,,43,4,342,4,9,,,9,901
93023,,,,,,,,,,,,1,2,,,,,,270,,12,6,,23,,2,5,,1,,32,1,,,3,,67,2,216,2,11,,,5,661
93030,,,,,,,,4,,,,7,20,,,,,,1119,,14,1,,211,,5,51,,,,31,,,1,23,,342,1,888,1,24,,,6,2749
93033,,,,,,,1,1,,,,8,8,,,,,,495,,1,,,126,,2,20,,,,8,,,,7,,109,,470,,1,,,2,1259
93035,,,,,,,1,6,,,,20,24,,,,,,1828,,13,12,8065,139,,31,120,2,1,,212,4,,,4,,205,3,2266,3,11,,,42,13012
93036,,,,,,,,3,,,,10,48,,,,,,1415,,17,8,,266,,7,43,,1,,149,,,,11,,353,1,1340,1,4,,,26,3703
93060,,,,,,,4,,,,,1,12,,,,,,668,,7,2,,144,,5,30,,1,,43,,,,8,,261,,532,,13,,,9,1740
93065,,,,,,,3,8,,2,,5,25,,,,,,2556,,33,19,,511,,5,171,,5,,118,8,,,39,,883,7,1737,7,45,,,24,6211
93101,,,,,,,,1,,,,12,5,,,,,,867,,6,7,3388,52,,8,58,,,,493,1,,1,9,,75,0,1172,4,2,,,132,6293
93105,,,,,,,1,,,1,,16,14,,,,,,2944,,49,14,1716,380,,13,279,,5,,549,23,,,30,,872,4,2274,6,45,,,144,9379
93110,,,,,,,,,,,,7,9,,,,,,879,,13,4,1,182,,14,34,,4,,186,5,,,6,,220,1,877,1,11,,,33,2487
93117,,,,,,,,,,,,,,,,,,,22,,,,,,,,2,,,,1,,,,,,6,,19,,,,,,50
93210,,,,,,,1,7,,,,,4,,,,,,525,,17,7,,70,,2,13,,3,,,3,,1,3,,249,3,50,3,28,,,,989
93215,,,,,,,2,16,,1,,1,17,,,,,,1175,,12,4,,308,,1,39,,,,,,,1,9,,479,2,205,2,9,,,,2283
93221,,,,,,,4,8,,1,,1,6,,,,,,869,,14,,,274,,6,21,,2,,,3,,,,,317,,40,,6,,,,1572
93225,,,,,,,,3,,,,,,,,,,,134,,4,,,29,,1,7,,,,4,,,,3,,63,,64,,3,,,,315
93230,,,,,,,17,99,,1,,7,78,,,,,,3098,,129,7,,682,,6,115,,10,,,13,,22,35,,1222,,185,,138,,,,5864
93238,,,,,,,10,22,,,,24,25,,,,0,,2748,,31,13,,1163,,52,870,,,,,,,,4,,660,1,652,1,31,,,,6307
93240,,,,,,,11,47,,,,16,19,,,,,,1448,,40,2,,481,,6,138,,,,1,,,,4,,734,,220,,42,,,,3209
93243,,,,,,,,,,,,1,,,,,,,158,,,1,458,14,,,9,,,,,,,,,,61,,76,,,,,,778
93244,,,,,,,1,,,,,1,2,,,,,,338,,2,1,,205,,1,16,,,,,,,,,,78,,6,,,,,,651
93256,,,,,,,,1,,,,,,,,,,,53,,,,,10,,,,,,,,,,,1,,15,,8,,,,,,88
93257,,,,,,,19,68,,1,,11,38,,,,,,3420,,37,3,,914,,6,180,,7,,3,15,,5,19,,1259,,306,,42,,,,6353
93263,,,,,,,1,1,,,,2,,,,,,,295,,7,1,,89,,,6,,,,1,,,,,,127,,13,,7,,,,550
93268,,,,,,,1,8,,,,1,6,,,,,,663,,12,8,,144,,,17,,2,,1,2,,9,,,288,1,119,1,12,,,,1295
93271,,,,,,,,,,,,2,3,,,,,,182,,4,3,,77,,10,36,,3,,,,,,4,,25,,31,,3,,,,383
93274,,,,,,,7,37,,1,,6,39,,,,,,1945,,38,9,,568,,3,93,,,2,4,,2,6,8,,692,4,147,4,63,,,,3678
93277,,,,,,,17,47,,3,,11,71,,,,,,4480,,150,23,,708,,20,181,,7,2,9,21,2,22,22,,1544,7,382,7,192,,,,7928
93280,,,,,,,3,10,,,,2,2,,,,,,593,,8,3,,146,,3,20,,,,,,,,,,277,2,67,2,7,,,,1145
93286,,,,,,,,1,,,,,3,,,,,,129,,2,,,13,,,5,,,,,1,,,,,39,,4,,1,,,,198
93292,,,,,,,13,44,,3,,7,22,,,,,,1755,,38,8,,474,,12,91,,,,1,1,,2,9,,689,1,98,1,49,,,,3318
93301,,,,,,,,1,,,,,4,,,,,,220,,1,1,,22,,,4,,1,,,,,,1,,32,1,11,1,,,,,300
93304,,,,,,,20,79,,3,,5,44,,,,,,3171,,68,17,,1082,,7,106,,4,,19,7,,3,19,,1469,2,472,2,95,,,1,6695
93305,,,,,,,,1,,,,,,,,,,,5,,,,,14,,,,,,,,,,,,,,,0,,,,,,20
93306,,,,,,,20,69,,4,,8,36,,,,,,2739,,103,12,,839,,3,141,,7,,11,9,,2,9,,1165,,402,,133,,,2,5714
93307,,,,,,,6,19,,1,,1,14,,,,,,960,,23,7,,218,,2,36,,,,2,1,,,6,,512,2,196,,32,,,,2038
93308,,,,,,,1,3,,,,1,11,,,,,,666,,3,,,110,,,8,,1,,,,,,2,,53,,38,,1,,,,898
93311,,,,,,,,4,,,,,,,,,,,338,,7,,,352,,,39,,,,,,,,1,,165,,21,,,,,,927
93312,,,,,,,26,49,,2,,24,106,,,,,,6625,,242,40,,1289,,28,252,,25,3,52,41,3,12,37,,2765,15,1526,15,308,,,9,13494
93313,,,,,,,9,38,,,,1,16,,,,,,1643,,38,7,,503,,1,79,,,,1,,,,6,,710,4,246,4,68,,,,3374
93401,,,,,,,3,1,,,,7,18,,,,,,973,,46,10,,162,,3,35,,7,1,45,49,,4,30,,164,3,250,3,47,,,15,1876
93405,,,,,,,,1,,,,8,10,,,,,,1024,,38,12,,159,,1,25,,9,,46,24,,2,34,,225,0,308,0,45,,,8,1979
93420,,,,,,,5,11,,1,,16,26,,,,,,2099,,47,13,,831,,12,146,,8,2,22,23,2,2,47,,419,2,453,2,45,,,10,4244
93422,,,,,,,3,3,,1,,7,18,,,,,,2006,,100,12,,286,,7,39,,13,1,31,29,1,1,36,,430,2,297,2,107,,,5,3437
93424,,,,,,,1,,,,,2,3,,,,,,149,,10,2,3061,14,,9,8,,1,,5,,,,38,,25,,31,,11,,,1,3371
93426,,,,,,,,,0,,,,,,,,,,77,,,1,,101,,1,27,,,,,,,,,,15,,8,,,,,,230
93434,,,,,,,1,,,,,,3,,,,,,258,,2,2,,47,,,,,2,,1,1,,,,,26,,169,,5,,,,517
93436,,,,,,,4,,,2,,10,56,,,,,,1652,,48,6,,563,,13,64,,2,,143,4,,,30,,472,2,1364,2,64,,,37,4538
93437,,,,,,,,1,,,,2,29,,,,,,190,,,,,32,,4,11,,,,42,,,,8,,51,,189,,,,,5,564
93442,,,,,,,2,5,,0,,23,28,,,,,,1763,,53,29,5874,120,,33,97,,7,1,38,17,1,3,64,,254,4,353,4,32,,,7,8812
93446,,,,,,,5,5,,3,,16,35,,,,,,2638,,68,19,,567,,17,104,,20,1,17,32,1,2,32,,642,6,407,5,72,,,4,4718
93449,,,,,,,1,3,,,,2,15,,,,,,1002,,40,9,,212,,4,58,,8,,40,17,,3,29,,232,0,303,0,65,,,7,2050
93453,,,,,,,1,,,,,1,0,,,,,,232,,2,,264,15,,,21,,,,,,,,,,64,,45,,,,,,645
93454,,,,,,,3,2,,,,4,32,,,,,,2058,,34,9,,513,,4,64,,16,,41,30,,1,24,,415,,1255,,52,,,6,4563
93455,,,,,,,,6,,3,,13,28,,,,,,1526,,33,4,,330,,6,50,,3,,39,9,,,48,,336,,778,,41,,,7,3260
93460,,,,,,,,,,,,1,1,,,,,,275,,11,,,22,,,2,,,,,3,,,3,,126,,223,,10,,,,677
93513,,,,,,,,0,0,,,17,3,,,,,,529,,9,4,,172,,31,213,,,,1,,,,10,,116,,78,,10,,,,1193
93514,,,,,,,8,19,0,1,,111,66,,,,,,7212,,112,39,,1956,,496,2683,,1,,7,14,,,13,,1702,8,1275,8,105,,,,15836
93517,,,,,,,,2,,1,,159,14,,,,,,1834,,16,22,,1318,,382,1220,,3,,1,5,,,4,,492,6,153,6,1,,,,5639
93526,,,,,,,,,,,,4,,,,,,,141,,,,,57,,6,46,,,,,,,,,,24,,11,,,,,,289
93529,,,,,,,2,1,,0,,41,10,,,,,,2605,,19,15,,1834,,327,1545,,1,,,2,,,4,,666,7,326,7,,,,,7412
93534,,,,,,,1,11,,,,2,19,,,,,,1300,,33,3,,392,,14,102,,6,2,28,5,2,,8,,520,2,604,2,39,,,6,3101
93535,,,,,,,,6,,,,,9,,,,,,245,,1,,,119,,1,13,,,,,,,,2,,91,,74,,,,,,561
93536,,,,,,,6,26,,,,2,22,,,,,,1026,,15,2,,303,,3,72,,1,,5,1,,,11,,428,1,390,1,24,,,2,2341
93541,,,,,,,,,,,,23,5,,,,,,465,,2,1,,226,,96,277,,1,,,1,,,0,,96,,50,,,,,,1243
93545,,,,,,,2,2,,,,16,15,,,,,,1261,,10,4,,341,,101,524,,1,,,1,,,2,,210,1,196,1,2,,,,2690
93546,,,,,,,3,,,,,130,24,,,,,,7554,,34,26,,4675,,635,3798,,3,,4,16,,1,1,,1418,2,1500,2,3,,,,19829
93550,,,,,,,1,1,,1,,5,16,,,,,,715,,11,2,,101,,3,47,,,,7,1,,,8,,254,2,316,2,7,,,,1500
93551,,,,,,,1,9,,,,4,35,,,,0,,1803,,24,3,,356,,3,101,,,,26,1,,,9,,560,,786,,30,,,2,3753
93552,,,,,,,5,27,,,,5,16,,,,,,1407,,17,7,,424,,,60,,,,20,1,,,6,,550,2,653,2,15,,,7,3224
93555,,,,,,,5,11,,3,,16,52,,,,,,1313,,25,12,,372,,10,133,,3,,3,2,,,10,,401,3,240,3,45,,,,2662
93560,,,,,,,,,,,,,6,,,,,,139,,4,1,,26,,,5,,1,,,1,,,1,,61,1,47,1,3,,,,297
93561,,,,,,,5,5,,,,8,38,,,,,,1644,,28,10,,403,,8,103,,2,,14,4,,,16,,569,5,453,5,44,,,,3364
93604,,,,,,,,3,,,,5,2,,,,,,501,,4,2,,606,,16,218,,,,,,,,2,,101,1,38,1,1,,,,1501
93610,,,,,,,,2,,,,,2,,,,,,212,,3,,,84,,,5,,,,,1,,,2,,68,,20,,2,,,,401
93611,,,,,,,7,33,,3,,7,45,,,,,,2109,,80,10,,641,,7,114,,6,,,5,1,3,12,,691,2,73,2,151,,,,4002
93612,,,,,,,22,67,0,4,,14,86,,,,,,4995,,241,48,,1106,,14,185,,19,2,25,23,1,24,40,,2075,16,208,13,387,,,2,9617
93618,,,,,,,8,37,,1,,3,14,,,,,,1672,,41,7,,428,,4,65,,5,,8,2,,8,8,,661,2,67,2,59,,,3,3105
93622,,,,,,,1,2,,,,1,1,,,,,,511,,4,,,197,,,5,,,,,,,1,,,234,,4,,,,,,961
93626,,,,,,,,3,,,,,3,,,,,,323,,5,2,,182,,2,15,,,,,1,,,,,114,,6,,2,,,,658
93628,,,,,,,,,,,,7,3,,,,,,279,,,4,,273,,21,135,,,,,,,,2,,57,,46,,,,,,827
93630,,,,,,,4,32,,1,,2,17,,,,,,1459,,33,4,,427,,3,29,,,,,,,2,5,,625,,30,,26,,,,2699
93631,,,,,,,,2,,,,,,,,,,,166,,7,1,,53,,,5,,,,,,,,2,,50,,12,,11,,,,309
93634,,,,,,,,,,,,1,1,,,,,,170,,6,,,69,,4,64,,,,,,,,,,18,,2,,,,,,335
93635,,,,,,,14,56,,1,,6,34,,,,,,3128,,108,20,,673,,9,88,,5,,,13,,32,32,,1534,5,56,3,120,,,,5937
93637,,,,,,,16,69,0,1,,8,43,,,,,,2062,,60,5,,538,,9,83,,6,,,6,,27,22,,891,1,144,1,90,,,,4082
93638,,,,,,,2,5,,,,1,5,,,,,,496,,10,4,,253,,,16,,,,,,,4,5,,188,1,17,,6,,,,1013
93643,,,,,,,,4,,,,1,3,,,,,,272,,7,2,,55,,1,20,,,,,,,2,1,,83,,11,,3,,,,465
93644,,,,,,,9,15,,,,13,33,,,,,,1676,,65,12,,343,,30,162,,11,,4,18,,8,22,,524,2,211,2,55,,,,3215
93650,,,,,,,8,32,0,1,,2,20,,,,,,813,,24,1,,296,,5,56,,1,,1,3,,3,,,315,,26,,56,,,,1663
93651,,,,,,,,1,,,,3,8,,,,,,281,,5,1,,139,,,30,,1,,,1,,,4,,97,,12,,,,,,583
93654,,,,,,,2,2,,,,,5,,,,,,287,,15,3,,47,,,7,,,,,,,,,,114,,22,,12,,,,516
93657,,,,,,,4,44,,1,,7,30,,,,,,2853,,61,3,,1076,,9,89,,1,,,6,,8,0,,1077,1,67,1,40,,,,5378
93662,,,,,,,4,38,,,,2,15,,,,,,1124,,48,4,,268,,1,44,,2,,1,3,,3,2,,455,2,61,2,63,,,1,2143
93664,,,,,,,1,2,,1,,14,20,,,,,,2146,,31,10,,1437,,41,589,,,,1,6,,,6,,543,3,109,3,5,,,,4968
93669,,,,,,,,1,,,,,,,,,,,187,,1,,,275,,5,61,,,,,,,,0,,21,,13,,1,,,,565
93702,,,,,,,2,12,,,,,2,,,,,,729,,,2,,294,,1,5,,,,,2,,3,1,,283,,6,,,,,,1342
93710,,,,,,,17,72,0,1,,,83,,,,93,,1450,,37,85,,261,,4,41,,7,4,6,12,4,5,18,,483,35,115,38,61,13,,1,2946
93711,,,,,,,12,24,,,,2,18,,,,,,1243,,60,6,,294,,6,48,,4,,1,2,,12,11,,482,1,56,1,65,,,,2348
93720,,,,,,,16,31,,2,,22,116,,,,,,6661,,266,61,,1126,,26,211,,44,1,17,100,2,64,131,,2536,13,388,12,281,,,2,12129
93726,,,,,,,30,102,,,,7,50,,1,,,,2738,,72,11,,893,,14,129,,2,,3,2,,6,12,,1188,4,74,3,85,,,1,5427
93727,,,,,,,39,118,,2,,6,35,,,,,,3510,,97,13,,776,,6,117,,1,,5,3,,19,7,,1682,2,70,2,91,,,1,6602
93906,,,,,,,3,9,,,,5,13,,,,,,1357,,24,14,,274,,1,45,,4,2,,11,2,3,13,,583,1,16,1,34,,,,2415
93907,,,,,,,1,7,,1,,11,38,,,,,,3500,,44,32,,369,,5,73,,23,1,8,92,1,27,87,,1234,2,98,2,66,,,2,5724
93926,,,,,,,,,,,,,,,,,,,46,,,,,5,,,,,,,,1,,,,,26,,,,,,,,78
93933,,,,,,,1,4,,,,2,16,,,,,,690,,11,7,,137,,10,38,,6,1,,8,1,4,32,,160,1,45,1,10,,,,1185
93940,,,,,,,2,13,0,1,,29,52,,,,54,,2220,,43,79,4745,447,,14,81,,27,4,21,160,5,21,674,,382,17,98,18,41,2,,2,9252
94015,,,,,,,,16,,,,14,34,,,,,,4552,,85,55,,573,,9,74,,99,4,14,156,3,224,515,,1403,15,63,11,99,,,4,8022
94019,,,,,,,,4,,,,12,8,,,,,,1299,,9,19,1348,103,,19,43,,21,3,3,67,3,22,399,,166,6,16,5,5,,,,3580
94025,,,,,,,,2,,,,6,7,,,,,,1006,,12,17,,235,,2,39,,37,1,3,115,,37,40,,368,1,32,1,2,,,1,1964
94040,,,,,,,,1,,,,,2,,,,,,277,,1,,,84,,,10,,2,,,3,,8,5,,83,,9,,,,,,485
94044,,,,,,,,,,,,,,,,,,,75,,,1,,60,,,1,,,,2,3,,1,,,4,,10,,,,,1,158
94066,,,,,,,1,4,,,,8,8,,,,,,1496,,32,25,,300,,6,67,,28,2,6,39,,79,139,,409,8,21,7,20,,,2,2707
94070,,,,,,,,2,,,,5,4,,,,,,771,,9,13,,76,,3,9,,16,2,1,69,3,76,119,,249,5,33,5,9,,,,1479
94087,,,,,,,2,5,,0,,6,6,,,,,,1770,,34,30,,462,,7,79,,49,9,6,95,8,101,131,,576,15,44,11,49,,,,3495
94107,,,,,,,,,,,,1,,,,,,,19,,,1,,8,,,1,,4,,,8,,3,4,,3,,1,,,,,,53
94132,,,,,,,2,12,,,,13,14,,,,,,1815,,31,40,,302,,2,41,,34,1,14,129,3,96,224,,471,11,48,9,17,,,3,3332
94301,,,,,,,,,,,,,,,,,,,,,,,,2,,,,,,,,,,,,,,,,,,,,,2
94403,,,,,,,,1,,,,9,9,,,,,,1650,,34,23,,340,,5,48,,50,1,6,111,1,79,110,,475,,54,,35,,,,3041
94501,,,,,,,5,21,,,,11,13,,,,,,3052,,35,29,,460,,4,60,,37,4,5,87,4,367,368,,1336,13,54,10,28,,,,6003
94503,,,,,,,5,9,,,,9,26,,,,,,884,,19,2,,142,,4,23,,27,,,16,,201,68,,318,,23,,34,,,,1810
94505,,,,,,,,2,,,,1,5,,,,,,505,,27,5,,192,,3,19,,5,,,13,,63,17,,195,,19,,39,,,,1110
94509,,,,,,,9,37,,2,,11,43,,,,,,2566,,104,13,,517,,3,73,,71,1,4,46,,528,107,,1265,1,51,1,188,,,,5641
94510,,,,,,,1,3,,1,,8,26,,,,,,1226,,53,15,,275,,8,33,,14,1,2,74,1,534,105,,662,5,25,5,49,,,,3126
94511,,,,,,,1,3,,,,3,1,,,,,,118,,3,1,,27,,2,3,,1,,,,,12,3,,45,,2,,1,,,,226
94512,,,,,,,,,,,,,,,,,,,11,,,,,5,,,,,,,,,,2,2,,4,,,,,,,,24
94513,,,,,,,1,6,,,,15,23,,,,,,2057,,95,16,,242,,8,45,,54,,1,77,1,358,98,,788,4,51,1,118,,,,4059
94514,,,,,,,,1,,,,,,,,,,,23,,,1,,206,,2,,,,,,,,,2,,53,1,,1,,,,,290
94519,,,,,,,5,6,,1,,2,17,,,,,,1916,,119,23,,398,,1,70,,76,4,4,114,4,345,138,,867,8,45,7,168,,,,4338
94523,,,,,,,6,10,,,,16,19,,,,,,2594,,118,36,,664,,5,98,,102,2,14,238,3,421,205,,1024,9,77,8,150,,,2,5821
94530,,,,,,,2,17,,,,2,9,,,,,,1182,,16,20,,174,,5,16,,15,2,6,71,2,211,89,,473,6,31,6,14,,,,2369
94533,,,,,,,6,26,,1,,27,95,,,,,,3241,,152,33,,420,,4,72,,97,4,1,227,8,798,296,,1546,12,85,10,225,,,,7386
94534,,,,,,,11,33,,1,,3,65,,,,74,,845,,29,180,,197,,5,21,,19,63,,20,63,227,60,,473,57,17,65,47,4,,,2579
94535,,,,,,,,1,,,,,23,,,,,,96,,,,,19,,1,2,,6,,,4,,12,19,,43,,17,,10,,,,253
94538,,,,,,,4,11,,1,,12,28,,,,,,2545,,88,43,,565,,8,84,,34,5,13,64,5,170,199,,1110,14,61,11,104,,,3,5182
94539,,,,,,,1,1,,,,1,0,,,,,,389,,4,6,,79,,1,8,,4,1,,5,1,18,27,,153,2,11,2,8,,,,722
94541,,,,,,,3,5,,,,3,8,,,,,,1098,,37,19,,273,,1,29,,26,3,,38,4,118,87,,547,6,30,5,58,,,,2398
94546,,,,,,,,13,,1,,5,9,,,,,,1715,,34,12,,1099,,2,25,,11,2,,29,2,140,245,,769,5,14,5,31,,,,4168
94550,,,,,,,1,9,,2,,16,13,,,,,,2662,,150,21,445,611,,4,77,,73,4,4,115,4,142,127,,1201,8,75,7,219,,,,5990
94551,,,,,,,,1,,,,4,5,,,,,,622,,11,2,,346,,,5,,1,,,,,2,1,,462,0,5,,1,,,,1468
94553,,,,,,,,10,,3,,13,15,,,,,,1596,,52,25,,389,,4,45,,49,3,9,53,2,574,153,,759,5,48,2,88,,,2,3899
94558,,,,,,,6,4,,1,,5,11,,,,,,1227,,54,11,,270,,4,56,,29,1,,54,1,219,73,,267,2,20,2,87,,,,2404
94559,,,,,,,9,10,,,,24,39,,,,,,2885,,194,67,,527,,19,60,,80,16,6,287,18,858,308,0,737,26,64,26,301,,,2,6563
94561,,,,,,,8,21,,2,,18,35,,,,,,2414,,154,26,,539,,18,49,,36,2,1,43,2,568,147,,1089,6,20,4,186,,,,5388
94564,,,,,,,4,20,,1,,7,22,,,,0,,2688,,104,19,,426,,4,38,,56,2,3,86,2,543,206,,1238,6,28,4,128,,,2,5637
94565,,,,,,,6,73,,4,,16,45,,,,,,3610,,112,19,,974,,9,77,,66,1,2,62,,1721,170,,2121,6,19,3,136,,,,9252
94568,,,,,,,,5,,,,4,17,,,,,,2249,,80,19,,496,,14,65,,63,1,11,180,1,162,172,,824,9,102,8,110,,,1,4593
94571,,,,,,,2,19,,,,23,29,,,,,,1534,,74,13,,653,,21,108,,19,,5,25,,572,65,,850,,29,,57,,,,4098
94572,,,,,,,,,,,,,,,,,,,100,,,,,21,,,3,,,,,,,29,6,,38,,,,,,,,197
94574,,,,,,,,1,,,,1,1,,,,,,175,,10,4,,33,,,5,,17,1,,46,1,16,17,,34,1,8,1,12,,,,384
94577,,,,,,,,,,,,,,,,,,,115,,,,,39,,1,3,,,,,,,6,3,,55,,2,,,,,,224
94579,,,,,,,4,14,,,,4,3,,,,,,1033,,3,3,,205,,,31,,4,,,3,,49,66,,434,1,9,1,14,,,,1881
94580,,,,,,,15,44,,2,,7,28,,,,,,2772,,65,24,,514,,1,50,,63,2,2,37,1,271,180,,1434,6,39,4,77,,,,5638
94583,,,,,,,2,,,,,1,4,,,,,,912,,37,7,,198,,1,41,,31,1,4,124,1,61,72,,286,2,35,2,60,,,,1882
94585,,,,,,,6,28,,1,,18,73,,,,,,2690,,90,14,,947,,9,68,,29,2,3,22,,1584,132,,1882,4,28,3,49,,,1,7683
94587,,,,,,,,6,,,,7,8,,,,,,864,,8,2,,212,,3,18,,9,,1,4,,42,49,,343,2,14,1,2,,,,1595
94588,,,,,,,,6,,1,,3,6,,,,,,538,,13,7,,132,,3,26,,9,2,1,13,2,20,30,,197,4,8,4,24,,,,1049
94590,,,,,,,9,49,,2,,8,35,,,,,,1918,,82,17,,328,,2,39,,69,1,1,58,1,558,209,,791,2,23,2,80,,,1,4285
94596,,,,,,,,1,,1,,2,8,,,,,,985,,25,18,,221,,6,57,,24,,5,181,,86,82,,243,1,25,1,26,,,2,2000
94605,,,,,,,,,,,,,,,,,,,3,,,,,,,,,,,,,,,,,,1,,,,,,,,4
94608,,,,,,,,3,,,,3,4,,,,,,202,,3,3,2378,29,,2,7,,2,,,9,,19,64,0,40,1,3,1,1,,,,2774
94710,,,,,,,0,9,,,,4,6,,,,,,641,,18,5,,974,,3,21,,3,,9,34,,89,159,,172,1,9,1,7,,,,2165
94803,,,,,,,,3,,,,2,1,,,,,,585,,9,3,815,23,,1,5,,5,,,2,,12,7,,316,,3,,,,,,1792
94806,,,,,,,11,2,,,,,,,,,,,99,,3,,,31,,,3,,3,,,1,,20,3,,46,,3,,2,,,,227
94903,,,,,,,6,,,1,,4,6,,,,,,1682,,50,25,,239,,2,30,,71,1,9,142,2,207,144,,382,6,28,7,50,,,3,3097
94923,,,,,,,1,,,,,18,2,,,,,,609,,14,8,,563,,19,94,,8,,,21,,7,308,,78,1,13,1,2,,,,1767
94925,,,,,,,,1,,,,12,6,,,,,,1584,,32,15,,296,,8,53,,62,4,5,225,4,146,206,,251,8,22,8,41,,,2,2991
94928,,,,,,,12,19,,2,,22,63,,,,,,4946,,222,52,,767,,18,133,,250,12,9,616,13,320,505,,951,14,139,12,287,,,1,9385
94929,,,,,,,,1,,,,4,7,,,,,,756,,11,5,,575,,19,240,,4,,,8,,12,218,,77,,5,,,,,,1942
94931,,,,,,,4,3,,,,26,31,,,,,,2948,,143,40,,307,,16,42,,183,10,2,758,12,353,572,,648,10,76,9,181,,,1,6375
94945,,,,,,,,,,,,,,,,,,,39,,,1,,5,,,,,1,,,,,1,1,,4,,3,,,,,,55
94952,,,,,,,1,1,,1,,11,12,,,,,,2112,,82,27,,733,,16,115,,33,2,2,169,3,324,447,,424,6,35,6,95,,,,4657
94954,,,,,,,3,1,,,,3,16,,,,,,1019,,59,5,,199,,4,46,,56,1,3,96,1,84,154,,214,1,27,1,67,,,,2060
94956,,,,,,,,,,,,3,1,,,,,,134,,4,3,,17,,1,1,,1,1,,6,,3,34,,9,1,8,1,2,,,,230
95002,,,,,,,,,,,,1,1,,,,,,89,,1,1,,11,,,2,,3,,,7,,84,8,,44,1,2,1,,,,,256
95003,,,,,,,,,,,,,,,,,,,18,,,,,3,,,1,,,,,,,,,,,,,,,,,,22
95008,,,,,,,,3,,,,7,7,,,,,,1098,,48,23,,366,,3,66,,23,1,2,53,,36,83,,386,10,41,6,46,,,,2308
95010,,,,,,,2,6,,1,,6,19,,,,,,1418,,58,14,,190,,11,51,,23,1,13,196,1,13,77,,222,1,55,1,89,,,2,2470
95013,,,,,,,1,2,,,,1,8,,,,,,1805,,45,17,,396,,4,28,,19,2,4,64,2,95,84,,845,5,40,3,36,,,1,3507
95018,,,,,,,,,,1,,2,2,,,,,,454,,3,1,,586,,2,1,,,,,,,,2,,57,,4,,,,,,1115
95019,,,,,,,,,,,,,,,,,,,42,,,2,,9,,,,,,,,,,,,,13,1,1,1,,,,,69
95020,,,,,,,3,10,,1,,13,20,,,,,,1609,,67,14,,328,,6,77,,31,1,,40,1,22,73,,656,3,126,3,93,,,,3197
95023,,,,,,,3,9,,,,4,35,,,,,,1892,,74,10,,575,,4,75,,13,,2,29,,25,54,,1027,3,50,3,104,,,,3991
95035,,,,,,,4,6,,3,,1,7,,,,,,738,,10,6,,198,,2,20,,4,,,8,,41,52,,231,2,14,2,6,,,,1355
95037,,,,,,,,7,,,,9,5,,,,,,959,,31,18,,195,,2,39,,15,1,6,40,1,20,43,,334,6,28,6,68,,,1,1834
95039,,,,,,,,5,,,,3,4,,,,,,806,,16,10,,301,,4,11,,4,,3,19,,9,91,,258,2,30,1,13,,,1,1591
95062,,,,,,,1,5,,,,20,25,,,,,,2643,,80,60,1861,640,,16,52,,47,6,36,311,8,26,329,,201,17,108,16,68,,,5,6581
95076,,,,,,,5,2,,1,,9,18,,,,,,1839,,64,28,,256,,7,48,,24,3,8,97,3,10,53,,647,6,52,5,59,,,1,3245
95112,,,,,,,,3,,,,1,2,,,,,,385,,9,4,,118,,1,10,,6,,1,2,,26,30,,173,4,8,3,10,,,,796
95117,,,,,,,,11,,2,,5,6,,,,,,1030,,45,15,,280,,2,48,,19,4,12,49,3,43,73,,385,6,42,6,49,,,2,2137
95118,,,,,,,7,20,,2,,41,71,,,,,,8744,,218,96,,1345,,32,272,,223,15,21,437,15,444,451,,3108,33,194,31,256,,,2,16078
95122,,,,,,,8,12,,0,,9,24,,,,,,6048,,52,46,,1601,,14,63,,31,9,17,35,10,1212,386,,2861,16,86,16,46,,,2,12604
95123,,,,,,,1,5,,1,,3,5,,,,,,666,,24,14,,145,,1,32,,26,1,3,24,1,37,47,,239,6,23,3,63,,,1,1371
95206,,,,,,,13,68,,1,,5,17,,,,92,,2263,,38,64,,1270,,5,34,,4,2,1,10,2,146,49,,1190,17,5,28,15,,,,5339
95207,,,,,,,12,43,,2,,2,18,,,,,,1084,,71,9,,291,,1,32,,22,1,,44,1,136,49,,486,2,31,2,118,,,,2457
95210,,,,,,,40,86,,2,,8,42,,,,,,3275,,180,42,,683,,5,64,,23,6,4,101,7,622,204,,1777,18,64,17,191,,,,7461
95212,,,,,,,21,66,,6,,2,26,,,,0,,1925,,43,24,,479,,3,51,,35,1,,25,1,192,70,,876,4,23,1,83,,,,3957
95219,,,,,,,21,80,,5,,15,73,,,,,,4280,,231,29,,772,,14,106,,56,4,6,196,4,520,178,,1972,10,68,9,241,,,,8890
95221,,,,,,,,,,,,1,2,,,,,,159,,4,,,42,,5,4,,,,,,,3,3,,39,,1,,2,,,,265
95222,,,,,,,2,3,,1,,16,13,,,,,,993,,49,12,,161,,17,35,,5,,,19,,14,8,,421,1,15,,34,,,,1819
95223,,,,,,,3,3,,,,9,12,,,,,,1276,,42,10,,365,,28,159,,3,,1,12,,3,1,,221,3,9,1,40,,,,2201
95228,,,,,,,2,2,,,,3,6,,,,,,356,,13,1,,71,,5,22,,1,,,5,,6,6,,133,0,22,0,7,,,,661
95237,,,,,,,,1,,,,2,3,,,,,,410,,25,4,,93,,3,13,,10,,,55,,30,11,,163,2,16,,15,,,,856
95240,,,,,,,2,6,,,,4,7,,,,,,589,,63,7,,146,,3,34,,23,,,55,,68,26,,226,2,13,2,91,,,,1367
95242,,,,,,,14,41,,2,,16,54,,,,0,,3080,,251,40,,640,,21,120,,95,3,7,221,5,327,97,,1296,11,56,9,436,,,,6842
95246,,,,,,,,3,,1,,,4,,,,,,103,,6,1,,14,,,2,,1,,,3,,6,3,,44,,6,,3,,,,200
95247,,,,,,,,,,,,,,,,,,,79,,1,1,,18,,,3,,,,,1,,2,1,,25,,2,,,,,,133
95252,,,,,,,1,14,,,,7,24,,,,,,1145,,68,9,,276,,5,21,,7,,,17,,42,33,,498,1,31,1,44,,,,2244
95254,,,,,,,1,1,,,,,1,,,,,,254,,12,1,,118,,1,51,,,,,,,1,1,,107,,4,,,,,,553
95255,,,,,,,,7,,,,1,2,,,,,,132,,9,1,,7,,,,,,,,,,4,,,40,,,,8,,,,211
95301,,,,,,,24,33,,1,,5,35,,,,,,2429,,128,8,,558,,5,65,,9,,,24,1,27,24,,1030,2,59,2,179,,,,4648
95304,,,,,,,2,13,,2,,1,18,,,,,,1454,,42,9,,424,,18,48,,11,,,8,,50,28,,656,1,19,1,36,,,,2841
95305,,,,,,,,1,,,,1,5,,,,,,307,,12,1,,40,,20,40,,1,,,4,1,8,,,87,,5,,9,,,,542
95307,,,,,,,8,57,,2,,6,27,,,,,,2276,,85,11,,482,,5,56,,9,1,,4,1,54,15,,857,2,24,2,70,,,,4054
95311,,,,,,,,,,,,,1,,,,,,71,,1,,,7,,1,2,,,,,,,,,,14,,1,,,,,,98
95320,,,,,,,,,,1,,,1,,,,,,268,,20,5,,33,,2,8,,7,,,7,,25,10,,105,,9,,20,,,,521
95321,,,,,,,,1,,,,2,4,,,,,,163,,3,5,,268,,10,46,,,,,1,,,,,29,1,5,1,4,,,,543
95322,,,,,,,,3,,1,,,6,,,,,,826,,6,0,,352,,,26,,,,,,,2,14,,498,0,40,0,,,,,1774
95330,,,,,,,,,,,,,,,,,,,4,,,,,2,,,,,,,,,,,,,1,,,,,,,,7
95336,,,,,,,6,26,,1,,11,21,,,,,,1798,,87,25,,264,,11,59,,24,2,,63,3,299,95,,915,10,35,8,68,,,,3831
95337,,,,,,,23,111,,4,,26,146,,,,,,10315,,455,62,,1083,,39,329,,148,6,6,264,7,740,302,,4420,12,169,8,645,,,,19320
95338,,,,,,,2,6,,,,5,14,,,,,,646,,33,7,,135,,7,34,,3,,2,15,,5,9,,197,1,45,,37,,,1,1204
95346,,,,,,,,2,,,,2,4,,,,,,402,,13,3,,125,,6,35,,1,,,2,,,,,58,1,3,1,5,,,,663
95348,,,,,,,43,52,,2,,9,51,,,,,,3903,,187,19,,834,,9,123,,14,1,2,32,1,48,25,,1842,4,101,3,221,,,,7526
95350,,,,,,,38,102,,5,,6,78,,,,,,5164,,281,23,,1212,,8,195,,31,2,3,64,,191,87,,1974,5,117,4,420,,,,10010
95351,,,,,,,5,22,,,,,16,,,,,,1094,,56,4,,229,,4,27,,6,,,5,,23,20,,441,,7,,100,,,,2059
95355,,,,,,,2,6,,,,3,7,,,,,,556,,26,4,,179,,,21,,4,,,12,,38,13,,204,,6,,25,,,,1106
95356,,,,,,,1,2,,,,1,9,,,,,,600,,48,7,,114,,1,17,,3,,,10,,17,15,,235,,18,,94,,,,1192
95358,,,,,,,1,1,,,,1,,,,,,,257,,,,,106,,,2,,,,,,,,3,,113,,3,,,,,,487
95360,,,,,,,1,,,,,1,1,,,,,,98,,3,,,11,,,5,,,,,1,,,3,,39,,5,,,,,,168
95361,,,,,,,2,31,,1,,15,33,,,,,,2726,,190,21,,498,,11,149,,27,,,69,2,88,44,,834,5,54,5,212,,,,5017
95363,,,,,1,,8,15,,,,1,19,,,,,,1014,,39,8,,161,,3,19,,5,,,12,,23,21,,447,,30,,43,,,,1869
95364,,,,,,,,1,,,,8,5,,,,,,822,,15,12,,706,,31,260,,,,,1,,,,,73,1,1,1,,,,,1937
95366,,,,,,,,,,,,1,,,,,,,83,,1,,,134,,2,,,3,,,2,,4,2,,22,,5,,1,,,,260
95369,,,,,,,2,2,,,,5,7,,,,,,1144,,30,3,,505,,8,62,,3,,,11,,10,4,,492,,12,,3,,,,2303
95370,,,,,,,16,56,,1,,36,88,,,,,,4474,,283,53,,605,,60,312,,35,4,,138,7,86,32,,1315,13,105,12,360,,,,8091
95375,,,,,,,,,,,,,,,,,,,15,,,,,33,,3,13,,,,,,,,,,,,,,,,,,64
95376,,,,,,,2,18,,1,,12,15,,,,,,2215,,41,5,,1074,,2,48,,11,,,20,,69,26,,1232,,29,,64,,,,4884
95377,,,,,,,1,4,,,,2,8,,,,,,184,,8,2,,57,,,11,,1,,,1,,11,10,,72,,6,,16,,,,394
95380,,,,,,,11,55,,3,,8,32,,,,,,4061,,268,21,,846,,7,127,,15,2,1,65,2,99,54,,1513,6,87,5,429,,,,7717
95383,,,,,,,,1,,,,,6,,,,,,223,,4,,,46,,2,12,,1,,,8,,3,1,,44,,2,,5,,,,358
95385,,,,,,,,,,,,,,,,,,,29,,,,,7,,,,,,,,,,2,3,,22,,,,,,,,63
95386,,,,,,,3,21,,1,,4,11,,,,,,1618,,89,13,,479,,4,50,,2,,,24,1,17,16,,578,2,20,1,87,,,,3041
95389,,,,,,,,,,,,2,1,,,,,,56,,1,,,69,,25,41,,,,,,,,,,4,,1,,,,,,200
95401,,,,,,,3,5,,,,6,7,,,,,,1255,,61,17,,267,,2,50,,57,1,1,157,1,56,161,,189,2,23,3,104,,,,2428
95403,,,,,,,6,1,,2,,1,23,,,,,,1635,,95,26,,286,,4,47,,92,8,7,246,9,96,197,,285,8,21,5,105,,,,3205
95409,,,,,,,,2,,,,2,6,,,,,,372,,16,6,,38,,3,11,,26,1,,67,1,16,52,,49,3,11,2,16,,,,700
95410,,,,,,,,,,,,3,6,,,,,,150,,6,,,55,,6,24,,2,,,21,,,90,,5,,2,,2,,,,372
95422,,,,,,,27,51,,2,,24,38,,,,,,1994,,55,17,,280,,68,150,,24,2,3,50,2,45,85,,751,6,47,6,63,,,2,3792
95423,,,,,,,3,14,,1,,13,3,,,,,,585,,14,9,,129,,57,107,,1,1,,7,1,10,25,,286,4,21,4,4,,,,1299
95428,,,,,,,,1,,,,,,,,,,,40,,3,,,21,,,4,,4,,,13,,2,4,,4,,,,,,,,96
95436,,,,,,,,,,,,,,,,,,,79,,2,3,,5,,,,,11,1,,32,1,,22,,11,1,6,1,5,,,,180
95437,,,,,,,6,4,,1,,28,34,,,,,,2256,,83,34,,1176,,65,225,,31,2,4,143,2,12,872,,150,2,36,2,85,,,,5253
95445,,,,,,,1,1,,,,7,4,,,,,,488,,14,8,,99,,4,63,,13,1,,110,2,2,105,,24,2,5,1,7,,,,961
95446,,,,,,,,2,,,,9,6,,,,,,613,,32,3,,113,,13,25,,20,,,399,,29,71,,62,1,7,1,23,,,,1429
95448,,,,,,,1,2,,2,,4,7,,,,,,779,,34,10,,112,,6,20,,54,1,,336,,17,151,,133,,8,,43,,,,1720
95450,,,,,,,,,,,,2,1,,,,,,96,,0,,,48,,,,,,,,13,,,7,,7,,1,,,,,,175
95451,,,,,,,2,3,,,,2,13,,,,,,496,,20,8,,62,,4,17,,13,,,28,,6,79,,133,,22,,30,,,,938
95453,,,,,,,6,14,,1,,31,23,,,,,,1486,,60,7,,240,,109,104,,29,1,,67,1,24,58,,472,2,14,2,70,,,,2821
95454,,,,,,,,,,,,1,,,,,,,139,,3,2,,26,,,2,,13,,,53,,1,27,,13,,5,,7,,,,292
95460,,,,,,,,,,,,2,1,,,,,,139,,5,2,,72,,9,13,,,,,10,,,26,,12,,8,,,,,,299
95461,,,,,,,,,,,,1,6,,,,,,280,,6,1,,30,,1,7,,12,,1,24,,8,41,,70,,43,,18,,,,549
95464,,,,,,,2,8,,,,,3,,,,,,274,,8,,,33,,18,37,,4,,,9,,3,30,,107,,2,,2,,,,540
95466,,,,,,,,,,,,1,1,,,,,,77,,2,1,,20,,,1,,1,,,17,,,19,,3,,,,,,,,143
95472,,,,,,,1,1,,,,0,12,,,,,,950,,40,20,,156,,3,26,,27,3,2,188,3,35,249,,95,3,13,3,63,,,,1893
95476,,,,,,,,1,,,,1,4,,,,,,586,,31,8,,79,,3,8,,23,,,85,,168,107,,126,1,3,1,57,,,,1292
95482,,,,,,,26,15,,,,19,40,,,,,,2679,,103,22,,433,,15,73,,158,2,1,526,2,34,244,,668,7,51,1,164,,,,5283
95488,,,,,,,,1,,,,1,1,,,,,,45,,,1,,44,,2,5,,,,,,,,3,,1,,,,,,,,104
95490,,,,,,,2,11,,,,2,4,,,,,,728,,37,6,,115,,3,11,,31,,,144,,7,154,,108,,5,,47,,,,1415
95492,,,,,,,4,4,0,,,8,13,,,,,,1370,,31,9,,303,,10,58,,69,1,1,151,1,38,110,,175,2,25,1,64,,,1,2449
95501,,,,,,,15,27,,,,57,53,,,,19,,2355,,95,60,,541,,55,154,,694,16,6,1020,19,10,704,,201,17,59,17,109,2,,2,6307
95503,,,,,,,7,21,,,,59,54,,,,,,3187,,164,29,,563,,49,140,,824,9,2,1445,8,17,888,,264,4,64,3,171,,,,7972
95519,,,,,,,5,9,,1,,14,17,,,,,,1395,,58,11,,281,,21,53,,427,4,6,924,6,4,494,,75,2,22,2,70,,,2,3903
95521,,,,,,,1,1,,,,1,2,,,,,,469,,20,4,,107,,5,17,,145,2,2,277,2,,96,,16,1,15,1,10,,,1,1195
95526,,,,,,,,,,,,,,,,,,,20,,,,,,,,3,,,,,,,,,,2,,,,,,,,25
95531,,,,,,,27,19,0,4,,218,79,,,,,,2839,,53,33,,1540,,162,608,,1754,15,3,1539,13,13,1358,,105,7,43,7,47,,,,10486
95540,,,,,,,7,17,,1,,7,33,,,,0,,1255,,109,10,,228,,8,46,,176,1,,469,1,1,313,,85,,5,,110,,,,2882
95542,,,,,,,4,1,,,,2,5,,,,,,320,,7,5,,85,,6,12,,26,,,139,,4,137,,67,,1,,3,,,,824
95546,,,,,,,,,,,,1,,,,,,,26,,,,,3,,1,1,,16,,,23,,1,2,,,,,,,,,,74
95548,,,,,,,,,,,,4,,,,,,,45,,0,,,41,,12,44,,319,,,140,,,3,,0,,,,,,,,608
95552,,,,,,,1,,,,,8,1,,,,,,223,,2,1,,125,,3,29,,4,,,6,,,2,,29,,29,,,,,,463
95560,,,,,,,1,,,,,4,,,,,,,116,,1,,,18,,,4,,13,,,51,,1,38,,5,,,,1,,,,253
95562,,,,,,,3,5,,,,5,7,,,,,,341,,13,2,,36,,2,12,,27,,,166,,,126,,23,,,,18,,,,786
95567,,,,,,,,,,,,39,5,,,,,,98,,,1,,103,,6,28,,155,,,102,,1,18,,4,,0,,7,,,,567
95568,,,,,,,,,,,,4,,,,,,,54,,,1,,12,,2,8,,26,,,60,,,4,,,,,,,,,,171
95570,,,,,,,,1,,,,3,7,,,,,,494,,12,2,,378,,24,61,,99,1,,140,1,1,267,,18,1,5,1,3,,,,1519
95573,,,,,,,2,4,,,,2,4,,,,,,295,,2,1,,44,,12,18,,184,1,,264,2,,21,,10,,2,,,,,,868
95585,,,,,,,,,,,,,,,,,,,46,,2,,,5,,,8,,,,,35,,,1,,2,,,,1,,,,100
95589,,,,,,,,0,,,,10,3,,,,,,283,,1,13,,201,,17,23,,5,3,,30,3,1,260,,13,2,6,2,1,,,,877
95595,,,,,,,,,,,,,,,,,,,2,,,,,,,,,,,,,,,,,,,,,,,,,,2
95602,,,,,,,,3,,,,5,26,,,,,,535,,32,8,,44,,3,9,,29,1,2,66,2,60,26,,309,2,9,1,35,,,2,1209
95603,,,,,,,10,7,,1,,8,52,,,,,,2264,,145,24,,265,,14,84,,43,1,16,142,1,66,51,,672,4,65,3,173,,,3,4114
95605,,,,,,,8,40,,2,,15,17,,,,,,1739,,53,16,,271,,3,63,,26,2,,58,3,252,57,,832,6,34,6,52,,,,3555
95608,,,,,,,1,13,,1,,5,13,,,,,,992,,65,20,,166,,4,35,,21,3,1,118,4,93,41,,370,10,24,6,84,,,,2090
95610,,,,,,,6,10,,,,2,10,,,,,,1069,,78,14,,200,,3,48,,34,3,2,96,4,85,42,,351,4,27,3,119,,,,2210
95613,,,,,,,,,,,,1,,,,,,,70,,,,,11,,2,9,,,,,1,,,,,7,,2,,1,,,,104
95616,,,,,,,1,2,,1,,6,5,,,,,,759,,43,17,,156,,5,50,,16,4,7,139,5,56,39,,204,5,23,4,49,,,,1596
95620,,,,,,,1,5,,,,9,31,,,,,,1099,,78,6,,263,,2,47,,29,,5,47,,237,63,,559,1,25,1,64,,,,2572
95621,,,,,,,5,23,,1,,8,32,,,,,,1711,,73,14,,343,,13,51,,35,3,,120,4,153,79,,789,5,49,4,104,,,,3619
95630,,,,,,,5,19,,2,,12,46,,,,,,3099,,132,48,,469,,10,128,,91,9,8,325,9,133,119,,936,13,124,13,213,,,3,5966
95631,,,,,,,,3,,,,8,6,,,,,,375,,22,4,,35,,4,9,,5,,1,8,,19,20,,127,3,5,3,21,,,,678
95632,,,,,,,9,20,,1,,5,32,,,,,,1916,,142,14,,394,,9,74,,46,2,1,71,2,222,109,,897,5,39,5,198,,,,4213
95634,,,,,,,3,6,,,,4,12,,,,,,494,,31,7,,51,,7,13,,3,,,5,,3,17,,174,1,14,1,26,,,,872
95635,,,,,,,,1,,,,,3,,,,,,59,,1,1,,2,,1,1,,,,1,,,1,1,,19,,2,,4,,,,97
95638,,,,,,,,,,,,,,,,,,,5,,,,,9,,,4,,,,,,,,,,1,,,,,,,,19
95640,,,,,,,1,5,,,,2,17,,,,,,821,,35,4,,294,,3,46,,7,,,18,,25,26,,388,1,11,1,49,,,,1754
95641,,,,,,,,,,,,11,,,,,,,298,,8,2,,86,,8,24,,,,,1,,96,4,,137,,2,,3,,,,680
95642,,,,,,,1,9,,,,7,23,,,,,,1318,,105,21,,108,,8,50,,28,3,,73,3,45,32,,568,8,61,8,136,,,,2615
95645,,,,,,,0,2,,,,2,3,,,,,,293,,1,3,,87,,2,1,,2,1,,6,1,82,4,,160,1,1,1,1,,,,654
95648,,,,,,,2,7,,,,4,19,,,,,,871,,49,5,,127,,4,30,,13,,1,51,,58,27,,295,1,23,1,78,,,,1666
95654,,,,,,,5,29,,1,,12,29,,,,,,1274,,87,15,,203,,2,67,,9,,,31,,32,29,,537,4,40,4,157,,,,2567
95658,,,,,,,,,,1,,,,,,,,,42,,,2,,1,,,3,,,,,,,,7,,15,1,7,1,,,,,80
95660,,,,,,,18,72,,4,,12,37,,,,,,2284,,65,12,,360,,4,58,,62,3,,124,3,328,86,,1188,4,82,4,79,,,,4889
95661,,,,,,,4,11,,2,,6,31,,,,,,1637,,88,19,,361,,8,60,,29,2,2,162,2,141,82,,578,8,54,7,135,,,,3429
95662,,,,,,,6,7,,2,,7,22,,,,,,1524,,83,17,,277,,4,62,,35,2,2,195,3,130,85,,595,6,34,4,100,,,1,3203
95665,,,,,,,,1,,,,,5,,,,,,117,,10,1,,29,,,7,,,,,1,,2,2,,42,,2,,1,,,,220
95666,,,,,,,,1,,,,1,8,,,,,,337,,8,2,,128,,4,38,,2,,,2,,4,0,,87,,4,,13,,,,639
95667,,,,,,,17,49,,2,,25,93,,,,,,4169,,258,40,,485,,19,145,,56,4,4,181,4,145,101,,1435,11,97,10,334,,,,7684
95669,,,,,,,,1,,,,2,2,,,,,,146,,11,1,,17,,,,,1,,,2,,8,1,,67,1,4,,10,,,,274
95670,,,,,,,21,62,2,7,,27,153,,,,214,,5569,,234,159,,805,,27,176,,135,13,11,1022,13,520,295,,2400,40,166,42,196,,,1,12310
95673,,,,,,,2,14,,1,,8,12,,,,,,1017,,29,6,,199,,4,21,,6,1,,56,1,360,38,,670,4,8,3,19,,,,2479
95677,,,,,,,14,43,,3,,88,138,,,,,,9676,,375,95,,1008,,110,370,,182,16,11,815,20,667,446,,3576,29,235,22,526,,,,18465
95678,,,,,,,3,12,,2,,7,41,,,,,,1584,,63,12,,332,,7,65,,40,2,1,83,2,115,82,,559,8,44,6,69,,,,3139
95687,,,,,,,13,30,,2,,18,127,,,,,,3728,,277,50,,628,,15,141,,90,6,3,195,6,989,379,,1784,13,95,13,401,,,,9003
95690,,,,,,,,,,,,,,,,,,,21,,1,,,9,,,,,,,,,,,,,6,,,,,,,,37
95691,,,,,,,2,3,,1,,8,6,,,,,,637,,17,3,,282,,2,14,,2,,,33,,154,18,,319,,7,,18,,,,1526
95692,,,,,,,,1,,,,,,,,,,,26,,,,,5,,,1,,,,,,,3,,,6,,,,1,,,,43
95694,,,,,,,,1,,,,4,7,,,,,,698,,33,9,,215,,6,32,,26,1,,46,2,89,15,,271,1,21,1,39,,,,1517
95713,,,,,,,,1,,1,,5,8,,,,,,484,,21,6,,28,,1,14,,6,1,,15,1,16,13,,160,1,12,1,8,,,,803
95726,,,,,,,2,5,,,,6,8,,,,,,671,,14,1,,117,,11,58,,7,,,16,,9,36,,236,0,29,0,16,,,,1242
95757,,,,,,,1,12,,1,,5,21,,,,,,998,,32,15,,176,,2,23,,9,,1,41,2,67,63,,373,5,8,5,40,,,,1900
95758,,,,,,,9,45,,,,20,62,,,,,,3892,,195,62,,592,,11,129,,99,3,11,250,4,491,205,,1559,16,103,11,210,,,,7979
95762,,,,,,,,,,,,,,,,,,,,,,,,,,,2,,,,,2,,,,,,,,,,,,,4
95765,,,,,,,5,15,,1,,15,87,,,,,,3949,,213,60,,466,,14,169,,95,13,5,521,13,325,238,,1532,21,100,20,289,,,2,8168
95776,,,,,,,8,38,,2,,11,40,,,,,,2677,,116,30,,477,,13,99,,70,4,,156,5,477,138,,1085,10,67,9,149,,,,5681
95814,,,,9,1,,466,556,926,52,,1,22,,,,322,,-62,,3,436,-92,-73,,-2,-31,,3,4,-16,-12,4,14,35,,202,161,43,182,-64,,,3,3093
95820,,,,,,,5,21,,1,,2,3,,,,,,1238,,24,6,,301,,5,17,,9,2,,31,2,256,26,,751,2,1,2,7,,,,2712
95821,,,,,,,,,,,,,3,,,,,,150,,15,3,,23,,,8,,3,1,,34,1,14,6,,50,1,12,1,22,,,,347
95823,,,,,,,36,105,,3,,9,23,,,,,,3330,,84,25,,509,,8,56,,32,3,,67,3,400,170,,1539,11,57,11,80,,,,6561
95825,,,,,,,6,13,0,1,,9,17,,,,,,1488,,79,20,,280,,6,59,,46,1,6,233,2,115,52,,477,1,36,1,124,,,1,3073
95826,,,,,,,4,13,,,,7,38,,,,,,2693,,90,48,,255,,7,59,,60,10,5,408,14,424,176,,1380,18,71,17,106,,,,5903
95827,,,,,,,,,,,,3,3,,,,,,228,,2,1,,23,,6,11,,5,,,267,,3,2,,11,,3,,1,,,,569
95829,,,,,,,4,31,,4,,5,25,,,,,,1836,,54,26,,393,,9,67,,27,5,,47,6,252,121,,832,9,34,7,74,,,,3868
95831,,,,,,,4,18,,2,,2,19,,,,,,1067,,52,35,,185,,1,43,,25,3,,73,4,107,67,,446,15,28,12,68,,,,2276
95832,,,,,,,19,57,0,5,,18,32,,,,,,4920,,89,53,,1165,,28,104,,48,8,2,122,8,1067,208,,2633,17,74,13,93,,,,10783
95833,,,,,,,20,59,,3,,3,24,,,,,,2318,,48,10,,385,,7,76,,18,2,1,96,3,348,84,,1080,2,46,1,35,,,,4669
95834,,,,,,,5,7,,2,,3,21,,,,,,782,,38,5,,204,,6,23,,21,1,,58,1,127,32,,352,1,22,1,27,,,,1739
95843,,,,,,,7,72,,3,,12,33,,,,,,3123,,95,19,,486,,21,79,,73,3,3,163,3,422,136,,1653,8,69,8,147,,,,6638
95901,,,,,,,27,85,,3,,19,75,,,,,,2891,,134,16,,349,,10,84,,33,,,191,,272,61,,1170,3,39,3,176,,,,5641
95912,,,,,,,,,,,,3,1,,,,,,304,,11,3,,20,,,7,,2,,,16,,25,10,,135,1,9,1,11,,,,559
95918,,,,,,,,12,,,,13,12,,,,,,919,,24,5,,418,,16,156,,1,,,7,,10,6,,417,1,9,,7,,,,2033
95919,,,,,,,3,2,,,,1,5,,,,,,144,,8,2,,16,,,2,,1,,,7,,3,6,,45,1,,1,9,,,,256
95926,,,,,,,17,30,,1,,33,100,,,,,,6668,,431,98,,648,,49,158,,188,21,11,1257,20,274,125,,1985,26,124,24,545,,,1,12834
95928,,,,,,,44,19,,4,,14,35,,,,,,2531,,80,24,,282,,20,91,,46,3,,206,3,58,43,,582,6,31,6,165,,,,4293
95932,,,,,,,1,7,,,,16,24,,,,,,1165,,77,29,,129,,11,60,,29,3,1,103,3,279,61,,578,9,19,7,83,,,,2694
95936,,,,,,,,,,,,3,1,,,,,,162,,5,,,49,,2,47,,,,,2,,1,0,,17,,0,,14,,,,303
95945,,,,,,,1,3,,,,6,12,,,,,,471,,20,8,,48,,2,15,,15,,,52,,14,15,,167,,21,,31,,,,901
95946,,,,,,,,1,,,,2,3,,,,,,307,,19,3,,26,,5,2,,10,,,25,,10,7,,107,,9,,23,,,,559
95948,,,,,,,7,12,,1,,7,16,,,,,,1131,,64,16,,117,,2,27,,19,1,,151,2,109,27,,358,2,29,1,79,,,,2178
95949,,,,,,,7,11,,,,15,39,,,,,,2251,,138,29,,245,,16,90,,103,2,4,230,2,82,71,,722,9,104,7,157,,,,4334
95953,,,,,,,,1,,,,,1,,,,,,73,,4,,,2,,1,1,,,,,3,,8,,,21,,,,5,,,,120
95959,,,,,,,,2,,,,5,10,,,,,,572,,30,5,,77,,2,24,,15,,,62,,6,21,,170,,8,,49,,,,1058
95963,,,,,,,2,3,,,,2,4,,,,,,505,,11,3,,86,,3,6,,9,,,18,,21,4,,148,,3,,18,,,,846
95965,,,,,,,104,173,,4,,53,72,,,,,,5260,,258,33,,558,,45,155,,72,4,2,695,5,253,85,,1557,11,70,9,326,,,,9804
95966,,,,,,,5,10,,1,,2,4,,,,,,650,,14,2,,120,,6,21,,1,,,40,,22,5,,197,0,6,,8,,,,1114
95969,,,,,,,6,16,,2,,8,21,,,,,,999,,47,4,,69,,8,25,,10,1,,68,1,25,16,,309,1,10,1,62,,,,1709
95971,,,,,,,6,14,,,,33,21,,,,,,1043,,34,10,,190,,30,107,,1,,,21,,4,18,,286,2,39,2,38,,,,1899
95981,,,,,,,,,,,,,,,,,,,17,,,,,3,,,1,,,,,,,,,,3,,1,,,,,,25
95987,,,,,,,,,,,,,,,,,,,82,,2,2,,1,,,,,1,,,3,,1,5,,27,,22,,4,,,,150
95988,,,,,,,9,20,,1,,10,19,,,,,,1165,,64,20,,150,,22,70,,31,2,,75,2,54,38,,349,3,15,3,84,,,,2206
95991,,,,,,,16,38,0,5,,37,76,,,,,,3671,,204,25,,467,,34,77,,34,,2,338,2,794,98,,1661,6,55,5,277,,,1,7923
95993,,,,,,,19,34,,1,,9,45,,,,,,2469,,71,15,,279,,11,54,,21,1,3,91,1,173,34,,726,3,37,3,12,,,2,4114
96001,,,,,,,28,77,1,6,,4,13,,,,55,,363,,17,71,,140,,6,20,,40,12,,127,12,2,5,,65,20,7,20,7,6,,,1124
96002,,,,,,,70,160,0,4,,124,269,,,,,,9054,,616,122,,1617,,229,796,,946,26,,5074,35,141,173,,1690,34,168,26,819,,,,22193
96003,,,,,,,18,70,0,1,,14,33,,,,,,1915,,80,12,,434,,83,192,,107,1,1,221,1,9,31,,294,,31,,148,,,,3696
96007,,,,1,,,39,131,,4,,18,62,,,,,,2431,,137,15,,347,,45,125,,157,6,,346,5,36,23,,522,6,17,6,193,,,,4672
96008,,,,,,,2,7,,,,2,12,,,,,,418,,14,1,,72,,3,5,,23,,,32,,2,1,,99,,7,,3,,,,703
96009,,,,,,,1,1,,,,4,1,,,,,,101,,,1,,11,,9,13,,,,,,,1,2,,14,,3,,,,,,162
96010,,,,,,,,,,,,,,,,,,,,,,,,1,,,,,1,,,1,,,,,,,,,,,,,3
96013,,,,,,,8,36,,2,,25,19,,,,,,1529,,69,16,,252,,56,188,,20,2,,27,2,1,7,,236,2,18,2,60,,,,2577
96019,,,,,,,11,52,,2,,75,40,,,,,,2470,,136,24,,362,,110,149,,96,5,1,147,5,25,18,,783,8,23,8,100,,,,4650
96020,,,,,,,3,9,,1,,43,18,,,,,,1376,,56,19,,314,,83,235,,7,,,16,,6,11,,400,2,12,2,39,,,,2652
96021,,,,,,,7,9,,1,,6,18,,,,,,969,,41,7,,109,,5,23,,7,,,72,,26,9,,301,,1,,46,,,,1657
96024,,,,,,,3,2,,,,5,4,,,,,,202,,11,4,,36,,18,27,,139,,,238,,,5,,18,,5,,5,,,,722
96025,,,,,,,,6,,,,11,3,,,,,,447,,19,2,,112,,46,137,,6,,,113,1,1,1,,42,,6,,11,,,,964
96028,,,,,,,1,6,,,,7,4,,,,,,292,,6,7,,82,,13,31,,1,,,13,,1,1,,54,,2,,2,,,,523
96032,,,,,,,4,2,,,,3,3,,,,,,251,,8,4,,38,,6,8,,32,1,,64,1,,2,,27,2,2,1,9,,,,468
96039,,,,,,,1,,,,,8,3,,,,,,125,,3,2,,25,,2,25,,61,,,133,,1,6,,8,,2,,4,,,,409
96041,,,,,,,3,8,,,,5,2,,,,,,285,,4,1,,44,,6,2,,45,,,98,,2,10,,48,,7,,4,,,,574
96044,,,,,,,,1,,,,22,2,,,,,,98,,3,2,,106,,14,44,,90,,,186,,1,,,7,,1,,,,,,577
96051,,,,,,,,4,,,,15,2,,,,,,223,,0,,,79,,53,81,,1,,,3,,,0,,56,,3,,,,,,520
96052,,,,,,,,5,,1,,7,1,,,,,,247,,3,3,,102,,8,53,,133,,,198,,,,,26,0,1,0,,,,,788
96057,,,,,,,,,,,,8,6,,,,,,257,,4,2,,71,,12,51,,2,,,15,,2,2,,62,,2,,5,,,,501
96064,,,,,,,1,,,,,1,3,,,,,,82,,3,,,7,,,3,,37,,,40,,,1,,8,,2,,,,,,188
96067,,,,,,,4,13,,2,,30,16,,,,,,1333,,66,9,,265,,36,141,,66,,,161,,3,7,,288,1,14,1,70,,,,2526
96071,,,,,,,1,5,,,,15,5,,,,,,431,,6,1,,159,,64,197,,,,,3,,1,2,,14,,5,,,,,,909
96073,,,,,,,1,7,,,,6,10,,,,,,391,,36,4,,58,,4,8,,44,,1,99,2,6,5,,89,,20,,33,,,,824
96080,,,,,,,39,89,0,2,,22,55,,,,,,3098,,182,33,,440,,20,157,,134,5,2,488,6,49,49,,663,12,36,12,217,,,,5810
96088,,,,,,,,3,,,,2,2,,,,,,135,,1,2,,39,,6,16,,5,,,11,,1,1,,16,2,,1,6,,,,249
96093,,,,,,,4,10,,1,,19,9,,,,,,661,,19,4,,96,,19,34,,347,1,,429,1,1,15,,86,1,4,,18,,,,1779
96094,,,,,,,2,6,,,,6,7,,,,,,225,,4,3,,39,,8,11,,8,,,12,,,,,51,,2,,4,,,,388
96097,,,,,,,24,29,,1,,52,39,,,,,,1811,,56,7,,354,,74,153,,372,,,597,1,3,25,,322,,23,,65,,,,4008
96101,,,,,,,6,18,,1,,17,15,,,,,,614,,16,1,,91,,17,59,,3,,,3,,,,,134,,3,,19,,,,1017
96103,,,,,,,1,6,,,,70,9,,,,,,818,,17,10,,304,,44,182,,3,,,7,,4,5,,212,1,8,,16,,,,1717
96104,,,,,,,,,,,,2,,,,,,,37,,,1,,26,,1,10,,,,,,,,,,4,,1,,,,,,82
96105,,,,,,,,4,,,,225,10,,,,,,319,,,1,,1758,,40,451,,,,,1,,,5,,266,,6,,1,,,,3087
96107,,,,,,,,1,0,,,17,7,,,,,,212,,5,6,,121,,38,95,,,,,1,,,3,,52,1,7,1,4,,,,571
96108,,,,,,,,,,,,5,1,,,,,,10,,,,,4,,,,,,,,,,,,,6,,1,,2,,,,29
96114,,,,,,,1,2,,,,14,6,,,,,,203,,5,,,164,,2,50,,1,,,,,,,,59,,4,,7,,,,518
96120,,,,,,,1,1,,,,23,2,,,,,,117,,1,1,,147,,17,68,,,,,,,,,,10,,2,,,,,,390
96122,,,,,,,,,,,,43,3,,,,,,160,,5,5,,232,,19,150,,,,,,,,,,83,1,1,1,,,,,703
96130,,,,,,,16,20,,2,,88,60,,,,,,2169,,167,23,,444,,99,281,,32,,1,67,,12,5,,806,4,35,1,231,,,,4563
96137,,,,,,,1,6,,,,34,7,,,,,,498,,23,7,,132,,36,80,,2,1,,6,1,3,5,,233,2,2,2,16,,,,1097
96145,,,,,,,,1,,,,23,1,,,,,,556,,6,3,263,47,,24,83,,4,,,13,,3,7,,156,,35,,6,,,,1231
96150,,,,,,,5,7,,,,105,21,,,,,,2345,,30,25,5619,864,,172,411,,11,,,42,,7,20,,584,4,139,3,15,,,,10429
96161,,,,,,,,6,,,,183,14,,,,,,2983,,64,50,740,564,,156,437,,32,4,1,156,5,10,26,,533,9,73,8,52,,,,6106
97415,,,,,,,,,,,,10,1,,,,,,5,,,1,,873,,,4,,1,,,1,,,3,,0,,,,,,,,899
97501,,,,,,,,,,,,71,1,,,,,,1,,,1,,115,,18,37,,34,,,63,,2,3,,8,,,,,,,,354
97504,,,,,,,,,,,,68,5,,,,,,5,,,1,,121,,15,74,,25,,10,80,,,10,,13,,1,,,,,1,429
97603,,,,,,,,,,,,76,15,,,,,,35,,1,4,,94,,28,61,,14,,,27,,,,,10,,,,2,,,,367
97632,,,,,,,4,6,,,,29,2,,,,,,124,,,1,,101,,8,32,,8,,,13,,,4,,18,,,,,,,,350
Total,,,,17,4,,3511,8816,952,515,,14789,19677,,6,,1129,,994145,,25783,17437,153214,299178,1517,16065,75429,920,18254,2323,30603,46680,2345,39466,44947,79,321939,5978,263570,5774,36614,875,1229,5610,2459390
